strategy_id,symbol,exchange,instrument_id,position_type,open_datetime,close_datetime,entry_price,exit_price,quantity,realized_pnl,fees,duration_seconds,return_pct,order_ids
ToTheMoon-Trainset,ETHUSDT,BINANCE,ETHUSDT-PERP.BINANCE,SHORT,2020-01-03 15:00:00+00:00,2020-01-03 17:00:00+00:00,132.45,133.93,0.0,-119.784676,8.044675999999999,7200.0,-1.1174027935070052,"BINANCE-1-001,BINANCE-1-002"
ToTheMoon-Trainset,ETHUSDT,BINANCE,ETHUSDT-PERP.BINANCE,SHORT,2020-01-05 22:00:00+00:00,2020-01-06 02:00:00+00:00,134.97,139.03,0.0,-307.0785312,8.0717112,14400.0,-3.0080758687115683,"BINANCE-1-003,BINANCE-1-004"
ToTheMoon-Trainset,ETHUSDT,BINANCE,ETHUSDT-PERP.BINANCE,SHORT,2020-01-06 14:00:00+00:00,2020-01-06 21:00:00+00:00,140.99,141.61,0.0,-50.88250552,7.84644552,25200.0,-0.4397474998226958,"BINANCE-1-005,BINANCE-1-006"
ToTheMoon-Trainset,ETHUSDT,BINANCE,ETHUSDT-PERP.BINANCE,LONG,2020-01-11 18:00:00+00:00,2020-01-11 22:00:00+00:00,146.59,143.31,0.0,-226.13018448,7.72154448,14400.0,-2.2375332560201966,"BINANCE-1-007,BINANCE-1-008"
ToTheMoon-Trainset,ETHUSDT,BINANCE,ETHUSDT-PERP.BINANCE,SHORT,2020-01-14 13:00:00+00:00,2020-01-14 14:00:00+00:00,154.1,155.96,0.0,-124.21775862,7.76501862,3600.0,-1.2070084360804811,"BINANCE-1-009,BINANCE-1-010"
ToTheMoon-Trainset,ETHUSDT,BINANCE,ETHUSDT-PERP.BINANCE,LONG,2020-01-14 15:00:00+00:00,2020-01-14 16:00:00+00:00,156.08,159.55,0.0,205.36297092,7.75401908,3600.0,2.2232188621219784,"BINANCE-1-011,BINANCE-1-012"
ToTheMoon-Trainset,ETHUSDT,BINANCE,ETHUSDT-PERP.BINANCE,SHORT,2020-01-14 19:00:00+00:00,2020-01-15 00:00:00+00:00,165.63,169.25,0.0,-219.59117619,7.83565619,18000.0,-2.18559439715027,"BINANCE-1-013,BINANCE-1-014"
ToTheMoon-Trainset,ETHUSDT,BINANCE,ETHUSDT-PERP.BINANCE,SHORT,2020-01-17 07:00:00+00:00,2020-01-17 08:00:00+00:00,171.23,171.8,0.0,-39.56214649,7.6757764900000005,3600.0,-0.33288559247797167,"BINANCE-1-015,BINANCE-1-016"
ToTheMoon-Trainset,ETHUSDT,BINANCE,ETHUSDT-PERP.BINANCE,SHORT,2020-01-18 17:00:00+00:00,2020-01-18 22:00:00+00:00,175.01,177.18,0.0,-126.22004712,7.69464712,18000.0,-1.2399291469058937,"BINANCE-1-017,BINANCE-1-018"
ToTheMoon-Trainset,ETHUSDT,BINANCE,ETHUSDT-PERP.BINANCE,LONG,2020-01-21 22:00:00+00:00,2020-01-22 09:00:00+00:00,169.42,169.11,0.0,-24.9653426,7.589842600000001,39600.0,-0.18297721638529385,"BINANCE-1-019,BINANCE-1-020"
ToTheMoon-Trainset,ETHUSDT,BINANCE,ETHUSDT-PERP.BINANCE,SHORT,2020-01-24 03:00:00+00:00,2020-01-24 12:00:00+00:00,159.14,161.49,0.0,-147.68399318,7.64279318,32400.0,-1.4766871936659598,"BINANCE-1-021,BINANCE-1-022"
ToTheMoon-Trainset,ETHUSDT,BINANCE,ETHUSDT-PERP.BINANCE,LONG,2020-01-24 13:00:00+00:00,2020-01-25 01:00:00+00:00,161.81,158.74,0.0,-185.98288944,7.456249440000001,43200.0,-1.897286941474563,"BINANCE-1-023,BINANCE-1-024"
ToTheMoon-Trainset,ETHUSDT,BINANCE,ETHUSDT-PERP.BINANCE,SHORT,2020-01-27 01:00:00+00:00,2020-01-27 13:00:00+00:00,168.34,169.25,0.0,-57.83647238,7.47343238,43200.0,-0.5405726505880892,"BINANCE-1-025,BINANCE-1-026"
ToTheMoon-Trainset,ETHUSDT,BINANCE,ETHUSDT-PERP.BINANCE,SHORT,2020-01-30 17:00:00+00:00,2020-01-30 18:00:00+00:00,179.81,181.32,0.0,-85.45740915,7.46137915,3600.0,-0.8397753183916334,"BINANCE-1-027,BINANCE-1-028"
ToTheMoon-Trainset,ETHUSDT,BINANCE,ETHUSDT-PERP.BINANCE,LONG,2020-02-02 07:00:00+00:00,2020-02-23 11:00:00+00:00,187.34,268.51,0.0,3996.66003334,8.99829666,1828800.0,43.327639585779856,"BINANCE-1-029,BINANCE-1-030"
ToTheMoon-Trainset,ETHUSDT,BINANCE,ETHUSDT-PERP.BINANCE,LONG,2020-02-25 12:00:00+00:00,2020-02-25 14:00:00+00:00,261.5,253.93,0.0,-334.33651514,8.86436514,7200.0,-2.894837476099421,"BINANCE-1-031,BINANCE-1-032"
ToTheMoon-Trainset,ETHUSDT,BINANCE,ETHUSDT-PERP.BINANCE,SHORT,2020-02-25 15:00:00+00:00,2020-03-01 02:00:00+00:00,252.67,223.6,0.0,1265.96141131,8.35110869,385200.0,11.5051252621997,"BINANCE-1-033,BINANCE-1-034"
ToTheMoon-Trainset,ETHUSDT,BINANCE,ETHUSDT-PERP.BINANCE,SHORT,2020-03-01 13:00:00+00:00,2020-03-02 11:00:00+00:00,222.44,224.84,0.0,-135.75134876,9.41774876,79200.0,-1.0789426362165067,"BINANCE-1-035,BINANCE-1-036"
ToTheMoon-Trainset,ETHUSDT,BINANCE,ETHUSDT-PERP.BINANCE,LONG,2020-03-06 07:00:00+00:00,2020-03-07 17:00:00+00:00,235.58,239.13,0.0,166.04013214,9.38311786,122400.0,1.5069190933016285,"BINANCE-1-037,BINANCE-1-038"
ToTheMoon-Trainset,ETHUSDT,BINANCE,ETHUSDT-PERP.BINANCE,LONG,2020-03-15 22:00:00+00:00,2020-03-15 23:00:00+00:00,123.93,123.89,0.0,-13.16206531,9.37790531,3600.0,-0.03227628499959945,"BINANCE-1-039,BINANCE-1-040"
ToTheMoon-Trainset,ETHUSDT,BINANCE,ETHUSDT-PERP.BINANCE,LONG,2020-03-16 15:00:00+00:00,2020-03-16 20:00:00+00:00,114.65,109.27,0.0,-559.01172787,9.15420787,18000.0,-4.692542520715226,"BINANCE-1-041,BINANCE-1-042"
ToTheMoon-Trainset,ETHUSDT,BINANCE,ETHUSDT-PERP.BINANCE,SHORT,2020-03-19 14:00:00+00:00,2020-03-19 16:00:00+00:00,126.1,135.2,0.0,-834.91439564,9.48069564,7200.0,-7.216494845360821,"BINANCE-1-043,BINANCE-1-044"
ToTheMoon-Trainset,ETHUSDT,BINANCE,ETHUSDT-PERP.BINANCE,LONG,2020-03-23 01:00:00+00:00,2020-03-23 02:00:00+00:00,123.28,124.13,0.0,67.13961426,8.846985740000001,3600.0,0.6894873458793027,"BINANCE-1-045,BINANCE-1-046"
ToTheMoon-Trainset,ETHUSDT,BINANCE,ETHUSDT-PERP.BINANCE,LONG,2020-04-01 21:00:00+00:00,2020-04-02 19:00:00+00:00,131.6,140.87,0.0,769.51584699,9.154883009999999,79200.0,7.044072948328273,"BINANCE-1-047,BINANCE-1-048"
ToTheMoon-Trainset,ETHUSDT,BINANCE,ETHUSDT-PERP.BINANCE,SHORT,2020-04-06 14:00:00+00:00,2020-04-06 16:00:00+00:00,155.9,163.32,0.0,-553.80405931,9.36897931,7200.0,-4.759461193072467,"BINANCE-1-049,BINANCE-1-050"
ToTheMoon-Trainset,ETHUSDT,BINANCE,ETHUSDT-PERP.BINANCE,LONG,2020-04-18 13:00:00+00:00,2020-04-18 17:00:00+00:00,183.41,182.43,0.0,-68.54768263,8.90586263,14400.0,-0.5343220107954849,"BINANCE-1-051,BINANCE-1-052"
ToTheMoon-Trainset,ETHUSDT,BINANCE,ETHUSDT-PERP.BINANCE,LONG,2020-04-23 15:00:00+00:00,2020-04-24 00:00:00+00:00,189.35,186.27,0.0,-189.83844471,8.82992471,32400.0,-1.626617375231043,"BINANCE-1-053,BINANCE-1-054"
ToTheMoon-Trainset,ETHUSDT,BINANCE,ETHUSDT-PERP.BINANCE,SHORT,2020-04-25 12:00:00+00:00,2020-04-25 14:00:00+00:00,194.28,195.56,0.0,-81.54536951,8.85544951,7200.0,-0.6588429071443302,"BINANCE-1-055,BINANCE-1-056"
ToTheMoon-Trainset,ETHUSDT,BINANCE,ETHUSDT-PERP.BINANCE,SHORT,2020-04-26 15:00:00+00:00,2020-04-27 14:00:00+00:00,194.05,191.89,0.0,113.6105771,8.7447829,82800.0,1.1131151765009117,"BINANCE-1-057,BINANCE-1-058"
ToTheMoon-Trainset,ETHUSDT,BINANCE,ETHUSDT-PERP.BINANCE,SHORT,2020-04-29 14:00:00+00:00,2020-04-29 17:00:00+00:00,209.45,215.29,0.0,-317.03403379,8.96235379,10800.0,-2.7882549534495205,"BINANCE-1-059,BINANCE-1-060"
ToTheMoon-Trainset,ETHUSDT,BINANCE,ETHUSDT-PERP.BINANCE,SHORT,2020-04-29 18:00:00+00:00,2020-04-30 02:00:00+00:00,214.74,218.5,0.0,-199.47710664,8.788706640000001,28800.0,-1.7509546428238654,"BINANCE-1-061,BINANCE-1-062"
ToTheMoon-Trainset,ETHUSDT,BINANCE,ETHUSDT-PERP.BINANCE,SHORT,2020-05-19 12:00:00+00:00,2020-05-20 07:00:00+00:00,211.02,213.4,0.0,-130.38493645,8.68125645,68400.0,-1.1278551796038316,"BINANCE-1-063,BINANCE-1-064"
ToTheMoon-Trainset,ETHUSDT,BINANCE,ETHUSDT-PERP.BINANCE,SHORT,2020-05-20 16:00:00+00:00,2020-05-20 22:00:00+00:00,209.15,210.1,0.0,-57.3178914,8.5999914,21600.0,-0.45421945971790834,"BINANCE-1-065,BINANCE-1-066"
ToTheMoon-Trainset,ETHUSDT,BINANCE,ETHUSDT-PERP.BINANCE,LONG,2020-05-28 13:00:00+00:00,2020-06-05 11:00:00+00:00,209.26,243.3,0.0,1730.80313517,9.253584830000001,684000.0,16.2668450731148,"BINANCE-1-067,BINANCE-1-068"
ToTheMoon-Trainset,ETHUSDT,BINANCE,ETHUSDT-PERP.BINANCE,LONG,2020-06-07 20:00:00+00:00,2020-06-09 01:00:00+00:00,242.56,243.96,0.0,57.45862586,9.276574140000001,104400.0,0.5771767810026418,"BINANCE-1-069,BINANCE-1-070"
ToTheMoon-Trainset,ETHUSDT,BINANCE,ETHUSDT-PERP.BINANCE,LONG,2020-06-10 19:00:00+00:00,2020-06-11 14:00:00+00:00,246.97,241.11,0.0,-284.19020345,9.162823450000001,68400.0,-2.372757824837024,"BINANCE-1-071,BINANCE-1-072"
ToTheMoon-Trainset,ETHUSDT,BINANCE,ETHUSDT-PERP.BINANCE,LONG,2020-06-22 03:00:00+00:00,2020-06-24 08:00:00+00:00,234.27,243.03,0.0,418.77950868,9.33045132,190800.0,3.7392751952874947,"BINANCE-1-073,BINANCE-1-074"
ToTheMoon-Trainset,ETHUSDT,BINANCE,ETHUSDT-PERP.BINANCE,SHORT,2020-07-08 05:00:00+00:00,2020-07-08 11:00:00+00:00,239.2,244.13,0.0,-249.70607835,9.42280835,21600.0,-2.0610367892976544,"BINANCE-1-075,BINANCE-1-076"
ToTheMoon-Trainset,ETHUSDT,BINANCE,ETHUSDT-PERP.BINANCE,SHORT,2020-07-08 13:00:00+00:00,2020-07-08 14:00:00+00:00,246.41,245.84,0.0,17.4633186,9.2161014,3600.0,0.23132178077188703,"BINANCE-1-077,BINANCE-1-078"
ToTheMoon-Trainset,ETHUSDT,BINANCE,ETHUSDT-PERP.BINANCE,LONG,2020-07-12 23:00:00+00:00,2020-07-13 20:00:00+00:00,242.82,239.14,0.0,-184.08891465,9.16379465,75600.0,-1.5155259039617897,"BINANCE-1-079,BINANCE-1-080"
ToTheMoon-Trainset,ETHUSDT,BINANCE,ETHUSDT-PERP.BINANCE,SHORT,2020-07-16 07:00:00+00:00,2020-07-19 23:00:00+00:00,232.55,239.19,0.0,-336.22450495,9.290824950000001,316800.0,-2.855299935497735,"BINANCE-1-081,BINANCE-1-082"
ToTheMoon-Trainset,ETHUSDT,BINANCE,ETHUSDT-PERP.BINANCE,LONG,2020-07-25 17:00:00+00:00,2020-08-01 11:00:00+00:00,296.91,356.67,0.0,2260.82658687,9.933893130000001,583200.0,20.12731130645651,"BINANCE-1-083,BINANCE-1-084"
ToTheMoon-Trainset,ETHUSDT,BINANCE,ETHUSDT-PERP.BINANCE,SHORT,2020-08-02 05:00:00+00:00,2020-08-02 06:00:00+00:00,370.55,373.96,0.0,-124.20031059,9.97554059,3600.0,-0.9202536769666647,"BINANCE-1-085,BINANCE-1-086"
ToTheMoon-Trainset,ETHUSDT,BINANCE,ETHUSDT-PERP.BINANCE,SHORT,2020-08-05 23:00:00+00:00,2020-08-06 00:00:00+00:00,400.95,399.85,0.0,24.01648304,9.86681696,3600.0,0.274348422496562,"BINANCE-1-087,BINANCE-1-088"
ToTheMoon-Trainset,ETHUSDT,BINANCE,ETHUSDT-PERP.BINANCE,LONG,2020-08-17 16:00:00+00:00,2020-08-17 19:00:00+00:00,440.92,438.39,0.0,-80.79777751,9.861637510000001,10800.0,-0.5738002358704586,"BINANCE-1-089,BINANCE-1-090"
ToTheMoon-Trainset,ETHUSDT,BINANCE,ETHUSDT-PERP.BINANCE,LONG,2020-08-23 14:00:00+00:00,2020-08-25 15:00:00+00:00,389.92,385.76,0.0,-141.26506547,9.80490547,176400.0,-1.0668855149774337,"BINANCE-1-091,BINANCE-1-092"
ToTheMoon-Trainset,ETHUSDT,BINANCE,ETHUSDT-PERP.BINANCE,LONG,2020-08-25 19:00:00+00:00,2020-08-27 18:00:00+00:00,379.67,380.55,0.0,18.58352842,9.81231158,169200.0,0.23178023019991834,"BINANCE-1-093,BINANCE-1-094"
ToTheMoon-Trainset,ETHUSDT,BINANCE,ETHUSDT-PERP.BINANCE,SHORT,2020-08-29 11:00:00+00:00,2020-08-29 16:00:00+00:00,397.89,402.64,0.0,-156.23351256,9.86701256,18000.0,-1.1937972806554509,"BINANCE-1-095,BINANCE-1-096"
ToTheMoon-Trainset,ETHUSDT,BINANCE,ETHUSDT-PERP.BINANCE,LONG,2020-09-01 16:00:00+00:00,2020-09-01 17:00:00+00:00,479.01,475.63,0.0,-95.67528365,9.711743649999999,3600.0,-0.7056220120665535,"BINANCE-1-097,BINANCE-1-098"
ToTheMoon-Trainset,ETHUSDT,BINANCE,ETHUSDT-PERP.BINANCE,SHORT,2020-09-04 15:00:00+00:00,2020-09-04 20:00:00+00:00,384.28,391.28,0.0,-230.84225348,9.79625348,18000.0,-1.8215884251066905,"BINANCE-1-099,BINANCE-1-100"
ToTheMoon-Trainset,ETHUSDT,BINANCE,ETHUSDT-PERP.BINANCE,LONG,2020-09-17 02:00:00+00:00,2020-09-17 11:00:00+00:00,380.08,382.79,0.0,76.04863479,9.64969521,32400.0,0.7130077878341412,"BINANCE-1-101,BINANCE-1-102"
ToTheMoon-Trainset,ETHUSDT,BINANCE,ETHUSDT-PERP.BINANCE,LONG,2020-10-08 13:00:00+00:00,2020-10-14 15:00:00+00:00,343.86,375.92,0.0,1114.05649363,10.09534637,525600.0,9.323561914732736,"BINANCE-1-103,BINANCE-1-104"
ToTheMoon-Trainset,ETHUSDT,BINANCE,ETHUSDT-PERP.BINANCE,LONG,2020-10-15 13:00:00+00:00,2020-10-16 05:00:00+00:00,376.99,370.0,0.0,-243.89040296,9.99801296,57600.0,-1.8541605878140022,"BINANCE-1-105,BINANCE-1-106"
ToTheMoon-Trainset,ETHUSDT,BINANCE,ETHUSDT-PERP.BINANCE,LONG,2020-10-22 11:00:00+00:00,2020-10-23 17:00:00+00:00,415.76,405.56,0.0,-316.35068082,9.871280819999999,108000.0,-2.4533384644987444,"BINANCE-1-107,BINANCE-1-108"
ToTheMoon-Trainset,ETHUSDT,BINANCE,ETHUSDT-PERP.BINANCE,SHORT,2020-10-31 11:00:00+00:00,2020-11-01 21:00:00+00:00,390.38,396.93,0.0,-216.89727378,9.950023779999999,122400.0,-1.6778523489932917,"BINANCE-1-109,BINANCE-1-110"
ToTheMoon-Trainset,ETHUSDT,BINANCE,ETHUSDT-PERP.BINANCE,LONG,2020-11-04 17:00:00+00:00,2020-11-05 09:00:00+00:00,400.74,398.37,0.0,-82.05565915,9.75169915,57600.0,-0.5914058990866944,"BINANCE-1-111,BINANCE-1-112"
ToTheMoon-Trainset,ETHUSDT,BINANCE,ETHUSDT-PERP.BINANCE,LONG,2020-11-14 18:00:00+00:00,2020-11-15 17:00:00+00:00,460.14,445.66,0.0,-393.0246336,9.5942336,82800.0,-3.1468683444169088,"BINANCE-1-113,BINANCE-1-114"
ToTheMoon-Trainset,ETHUSDT,BINANCE,ETHUSDT-PERP.BINANCE,SHORT,2020-11-16 17:00:00+00:00,2020-11-17 01:00:00+00:00,462.5,465.54,0.0,-88.41871872,9.62191872,28800.0,-0.6572972972973101,"BINANCE-1-115,BINANCE-1-116"
ToTheMoon-Trainset,ETHUSDT,BINANCE,ETHUSDT-PERP.BINANCE,SHORT,2020-11-20 10:00:00+00:00,2020-11-20 11:00:00+00:00,506.5,506.19,0.0,-2.24198716,9.55209716,3600.0,0.061204343534060346,"BINANCE-1-117,BINANCE-1-118"
ToTheMoon-Trainset,ETHUSDT,BINANCE,ETHUSDT-PERP.BINANCE,SHORT,2020-11-22 01:00:00+00:00,2020-11-22 19:00:00+00:00,543.37,574.79,0.0,-700.41059545,9.83041545,64800.0,-5.782431860426596,"BINANCE-1-119,BINANCE-1-120"
ToTheMoon-Trainset,ETHUSDT,BINANCE,ETHUSDT-PERP.BINANCE,SHORT,2020-12-03 17:00:00+00:00,2020-12-04 13:00:00+00:00,613.11,591.15,0.0,406.11162077,9.10805923,72000.0,3.581739002789064,"BINANCE-1-121,BINANCE-1-122"
ToTheMoon-Trainset,ETHUSDT,BINANCE,ETHUSDT-PERP.BINANCE,SHORT,2020-12-11 01:00:00+00:00,2020-12-11 09:00:00+00:00,546.43,541.68,0.0,93.14263778,9.39561222,28800.0,0.869278773127391,"BINANCE-1-123,BINANCE-1-124"
ToTheMoon-Trainset,ETHUSDT,BINANCE,ETHUSDT-PERP.BINANCE,SHORT,2020-12-15 05:00:00+00:00,2020-12-15 20:00:00+00:00,582.78,591.04,0.0,-177.38400896,9.54080896,54000.0,-1.4173444524520296,"BINANCE-1-125,BINANCE-1-126"
ToTheMoon-Trainset,ETHUSDT,BINANCE,ETHUSDT-PERP.BINANCE,SHORT,2020-12-19 18:00:00+00:00,2020-12-23 13:00:00+00:00,659.87,608.44,0.0,907.03470491,9.03645509,327600.0,7.7939594162486525,"BINANCE-1-127,BINANCE-1-128"
ToTheMoon-Trainset,ETHUSDT,BINANCE,ETHUSDT-PERP.BINANCE,LONG,2020-12-26 15:00:00+00:00,2020-12-31 02:00:00+00:00,628.77,739.08,0.0,2130.93616404,10.62217596,385200.0,17.543775943508756,"BINANCE-1-129,BINANCE-1-130"
ToTheMoon-Trainset,ETHUSDT,BINANCE,ETHUSDT-PERP.BINANCE,LONG,2021-01-02 02:00:00+00:00,2021-01-07 19:00:00+00:00,730.69,1236.5,0.0,9173.24002434,14.292815659999999,493200.0,69.22361055988173,"BINANCE-1-131,BINANCE-1-132"
ToTheMoon-Trainset,ETHUSDT,BINANCE,ETHUSDT-PERP.BINANCE,SHORT,2021-01-19 09:00:00+00:00,2021-01-19 10:00:00+00:00,1383.97,1389.15,0.0,-81.15645619,14.31373619,3600.0,-0.37428556977392446,"BINANCE-1-133,BINANCE-1-134"
ToTheMoon-Trainset,ETHUSDT,BINANCE,ETHUSDT-PERP.BINANCE,SHORT,2021-01-19 13:00:00+00:00,2021-01-19 14:00:00+00:00,1419.96,1408.92,0.0,124.34111395,14.19984605,3600.0,0.777486689765905,"BINANCE-1-135,BINANCE-1-136"
ToTheMoon-Trainset,ETHUSDT,BINANCE,ETHUSDT-PERP.BINANCE,LONG,2021-01-20 13:00:00+00:00,2021-01-20 14:00:00+00:00,1311.5,1305.06,0.0,-102.07263162,14.26967162,3600.0,-0.49104079298513126,"BINANCE-1-137,BINANCE-1-138"
ToTheMoon-Trainset,ETHUSDT,BINANCE,ETHUSDT-PERP.BINANCE,LONG,2021-02-02 01:00:00+00:00,2021-02-02 04:00:00+00:00,1385.11,1382.75,0.0,-44.62907757,14.25115757,10800.0,-0.17038357964348494,"BINANCE-1-139,BINANCE-1-140"
ToTheMoon-Trainset,ETHUSDT,BINANCE,ETHUSDT-PERP.BINANCE,SHORT,2021-02-02 10:00:00+00:00,2021-02-02 17:00:00+00:00,1442.87,1475.99,0.0,-423.17686805,14.40982805,25200.0,-2.2954250902714746,"BINANCE-1-141,BINANCE-1-142"
ToTheMoon-Trainset,ETHUSDT,BINANCE,ETHUSDT-PERP.BINANCE,LONG,2021-02-03 16:00:00+00:00,2021-02-04 10:00:00+00:00,1610.59,1645.05,0.0,362.2483532,14.2271468,64800.0,2.1395885979672125,"BINANCE-1-143,BINANCE-1-144"
ToTheMoon-Trainset,ETHUSDT,BINANCE,ETHUSDT-PERP.BINANCE,SHORT,2021-02-08 16:00:00+00:00,2021-02-08 17:00:00+00:00,1720.11,1713.52,0.0,53.91302358,14.19462642,3600.0,0.38311503334088615,"BINANCE-1-145,BINANCE-1-146"
ToTheMoon-Trainset,ETHUSDT,BINANCE,ETHUSDT-PERP.BINANCE,SHORT,2021-02-20 01:00:00+00:00,2021-02-20 03:00:00+00:00,1954.09,2024.88,0.0,-659.46864827,14.50095827,7200.0,-3.622658117077515,"BINANCE-1-147,BINANCE-1-148"
ToTheMoon-Trainset,ETHUSDT,BINANCE,ETHUSDT-PERP.BINANCE,SHORT,2021-03-03 14:00:00+00:00,2021-03-06 17:00:00+00:00,1592.71,1602.4,0.0,-120.33041072,14.021420719999998,270000.0,-0.608397008871675,"BINANCE-1-149,BINANCE-1-150"
ToTheMoon-Trainset,ETHUSDT,BINANCE,ETHUSDT-PERP.BINANCE,SHORT,2021-03-10 21:00:00+00:00,2021-03-10 23:00:00+00:00,1817.49,1796.8,0.0,184.379485,13.851405,7200.0,1.138383154790401,"BINANCE-1-151,BINANCE-1-152"
ToTheMoon-Trainset,ETHUSDT,BINANCE,ETHUSDT-PERP.BINANCE,SHORT,2021-03-29 16:00:00+00:00,2021-03-29 18:00:00+00:00,1808.68,1830.1,0.0,-221.41208065,14.08790065,7200.0,-1.1842890948094764,"BINANCE-1-153,BINANCE-1-154"
ToTheMoon-Trainset,ETHUSDT,BINANCE,ETHUSDT-PERP.BINANCE,LONG,2021-04-02 15:00:00+00:00,2021-04-02 18:00:00+00:00,2077.2,2057.15,0.0,-181.74711876,13.848418760000001,10800.0,-0.9652416714808321,"BINANCE-1-155,BINANCE-1-156"
ToTheMoon-Trainset,ETHUSDT,BINANCE,ETHUSDT-PERP.BINANCE,LONG,2021-04-12 07:00:00+00:00,2021-04-12 10:00:00+00:00,2186.61,2141.0,0.0,-374.65702222,13.69948222,10800.0,-2.0858772254768843,"BINANCE-1-157,BINANCE-1-158"
ToTheMoon-Trainset,ETHUSDT,BINANCE,ETHUSDT-PERP.BINANCE,SHORT,2021-04-13 19:00:00+00:00,2021-04-13 20:00:00+00:00,2301.61,2306.05,0.0,-46.72714697,13.70686697,3600.0,-0.19290844235122506,"BINANCE-1-159,BINANCE-1-160"
ToTheMoon-Trainset,ETHUSDT,BINANCE,ETHUSDT-PERP.BINANCE,SHORT,2021-04-15 09:00:00+00:00,2021-04-15 14:00:00+00:00,2454.52,2465.4,0.0,-89.47324915,13.70492915,18000.0,-0.44326385606963115,"BINANCE-1-161,BINANCE-1-162"
ToTheMoon-Trainset,ETHUSDT,BINANCE,ETHUSDT-PERP.BINANCE,SHORT,2021-04-16 05:00:00+00:00,2021-04-16 21:00:00+00:00,2426.0,2447.12,0.0,-162.13067494,13.69931494,57600.0,-0.8705688375927334,"BINANCE-1-163,BINANCE-1-164"
ToTheMoon-Trainset,ETHUSDT,BINANCE,ETHUSDT-PERP.BINANCE,SHORT,2021-04-21 01:00:00+00:00,2021-04-21 02:00:00+00:00,2322.32,2328.08,0.0,-55.68050912,13.59218912,3600.0,-0.24802783423472086,"BINANCE-1-165,BINANCE-1-166"
ToTheMoon-Trainset,ETHUSDT,BINANCE,ETHUSDT-PERP.BINANCE,LONG,2021-04-21 15:00:00+00:00,2021-04-21 16:00:00+00:00,2442.08,2427.3,0.0,-116.04041562,13.51155562,3600.0,-0.6052217781563174,"BINANCE-1-167,BINANCE-1-168"
ToTheMoon-Trainset,ETHUSDT,BINANCE,ETHUSDT-PERP.BINANCE,LONG,2021-04-22 12:00:00+00:00,2021-04-22 19:00:00+00:00,2552.53,2539.48,0.0,-99.78412166,13.47142166,25200.0,-0.5112574582864959,"BINANCE-1-169,BINANCE-1-170"
ToTheMoon-Trainset,ETHUSDT,BINANCE,ETHUSDT-PERP.BINANCE,SHORT,2021-04-22 21:00:00+00:00,2021-04-22 23:00:00+00:00,2417.53,2398.94,0.0,116.02733775,13.41483225,7200.0,0.7689666725955946,"BINANCE-1-171,BINANCE-1-172"
ToTheMoon-Trainset,ETHUSDT,BINANCE,ETHUSDT-PERP.BINANCE,LONG,2021-04-28 13:00:00+00:00,2021-04-28 14:00:00+00:00,2706.46,2709.04,0.0,2.5825258,13.519254199999999,3600.0,0.0953274757432121,"BINANCE-1-173,BINANCE-1-174"
ToTheMoon-Trainset,ETHUSDT,BINANCE,ETHUSDT-PERP.BINANCE,SHORT,2021-05-03 10:00:00+00:00,2021-05-03 17:00:00+00:00,3155.69,3285.33,0.0,-707.75443203,13.79151203,25200.0,-4.10813482946677,"BINANCE-1-175,BINANCE-1-176"
ToTheMoon-Trainset,ETHUSDT,BINANCE,ETHUSDT-PERP.BINANCE,SHORT,2021-05-06 19:00:00+00:00,2021-05-06 22:00:00+00:00,3483.25,3531.56,0.0,-242.69840715,13.322527149999999,10800.0,-1.386923132132356,"BINANCE-1-177,BINANCE-1-178"
ToTheMoon-Trainset,ETHUSDT,BINANCE,ETHUSDT-PERP.BINANCE,LONG,2021-05-08 14:00:00+00:00,2021-05-08 23:00:00+00:00,3671.0,3914.47,0.0,1075.22895126,13.56888874,32400.0,6.632252792154714,"BINANCE-1-179,BINANCE-1-180"
ToTheMoon-Trainset,ETHUSDT,BINANCE,ETHUSDT-PERP.BINANCE,LONG,2021-05-17 05:00:00+00:00,2021-05-17 06:00:00+00:00,3346.2,3402.76,0.0,272.91072787,13.678792130000001,3600.0,1.6902755364293975,"BINANCE-1-181,BINANCE-1-182"
ToTheMoon-Trainset,ETHUSDT,BINANCE,ETHUSDT-PERP.BINANCE,LONG,2021-05-31 09:00:00+00:00,2021-06-03 12:00:00+00:00,2487.91,2827.07,0.0,2315.08660095,14.60343905,270000.0,13.632325928188727,"BINANCE-1-183,BINANCE-1-184"
ToTheMoon-Trainset,ETHUSDT,BINANCE,ETHUSDT-PERP.BINANCE,SHORT,2021-06-03 14:00:00+00:00,2021-06-03 16:00:00+00:00,2793.45,2833.34,0.0,-275.26315691,14.70167691,7200.0,-1.4279833181191748,"BINANCE-1-185,BINANCE-1-186"
ToTheMoon-Trainset,ETHUSDT,BINANCE,ETHUSDT-PERP.BINANCE,SHORT,2021-06-07 14:00:00+00:00,2021-06-08 04:00:00+00:00,2777.11,2498.2,0.0,1805.0119914,13.7601186,50400.0,10.043174379120757,"BINANCE-1-187,BINANCE-1-188"
ToTheMoon-Trainset,ETHUSDT,BINANCE,ETHUSDT-PERP.BINANCE,SHORT,2021-06-18 10:00:00+00:00,2021-06-18 11:00:00+00:00,2328.99,2318.88,0.0,67.35995573,15.17808427,3600.0,0.4340937487923857,"BINANCE-1-189,BINANCE-1-190"
ToTheMoon-Trainset,ETHUSDT,BINANCE,ETHUSDT-PERP.BINANCE,SHORT,2021-06-18 13:00:00+00:00,2021-06-22 16:00:00+00:00,2277.8,1910.71,0.0,3055.59685175,14.00972825,356400.0,16.115989112301342,"BINANCE-1-191,BINANCE-1-192"
ToTheMoon-Trainset,ETHUSDT,BINANCE,ETHUSDT-PERP.BINANCE,SHORT,2021-06-26 08:00:00+00:00,2021-06-26 10:00:00+00:00,1731.36,1763.45,0.0,-397.93700089,16.61153089,7200.0,-1.8534562424914691,"BINANCE-1-193,BINANCE-1-194"
ToTheMoon-Trainset,ETHUSDT,BINANCE,ETHUSDT-PERP.BINANCE,LONG,2021-06-27 23:00:00+00:00,2021-07-06 10:00:00+00:00,1980.83,2268.71,0.0,2943.64937263,17.48430737,730800.0,14.533301696763479,"BINANCE-1-195,BINANCE-1-196"
ToTheMoon-Trainset,ETHUSDT,BINANCE,ETHUSDT-PERP.BINANCE,LONG,2021-07-07 05:00:00+00:00,2021-07-07 08:00:00+00:00,2384.0,2381.68,0.0,-38.72955661,17.46907661,10800.0,-0.09731543624161842,"BINANCE-1-197,BINANCE-1-198"
ToTheMoon-Trainset,ETHUSDT,BINANCE,ETHUSDT-PERP.BINANCE,LONG,2021-07-08 12:00:00+00:00,2021-07-08 14:00:00+00:00,2159.62,2156.99,0.0,-44.03260091,17.45119091,7200.0,-0.12178068363879468,"BINANCE-1-199,BINANCE-1-200"
ToTheMoon-Trainset,ETHUSDT,BINANCE,ETHUSDT-PERP.BINANCE,LONG,2021-07-09 15:00:00+00:00,2021-07-09 18:00:00+00:00,2171.8,2131.92,0.0,-417.67893952,17.283739519999997,10800.0,-1.8362648494336553,"BINANCE-1-201,BINANCE-1-202"
ToTheMoon-Trainset,ETHUSDT,BINANCE,ETHUSDT-PERP.BINANCE,SHORT,2021-07-13 13:00:00+00:00,2021-07-13 16:00:00+00:00,1977.5,1991.14,0.0,-166.29904698,17.33660698,10800.0,-0.6897597977244097,"BINANCE-1-203,BINANCE-1-204"
ToTheMoon-Trainset,ETHUSDT,BINANCE,ETHUSDT-PERP.BINANCE,LONG,2021-07-14 10:00:00+00:00,2021-07-15 11:00:00+00:00,1941.48,1912.84,0.0,-334.44372797,17.08388797,90000.0,-1.475163277499647,"BINANCE-1-205,BINANCE-1-206"
ToTheMoon-Trainset,ETHUSDT,BINANCE,ETHUSDT-PERP.BINANCE,LONG,2021-07-17 17:00:00+00:00,2021-07-19 02:00:00+00:00,1893.41,1877.62,0.0,-195.02229689,17.005836889999998,118800.0,-0.8339451043355761,"BINANCE-1-207,BINANCE-1-208"
ToTheMoon-Trainset,ETHUSDT,BINANCE,ETHUSDT-PERP.BINANCE,LONG,2021-07-21 17:00:00+00:00,2021-07-21 19:00:00+00:00,1971.89,1937.27,0.0,-389.91516327,16.85004327,7200.0,-1.75567602655321,"BINANCE-1-209,BINANCE-1-210"
ToTheMoon-Trainset,ETHUSDT,BINANCE,ETHUSDT-PERP.BINANCE,LONG,2021-07-22 13:00:00+00:00,2021-07-22 15:00:00+00:00,1990.02,2033.07,0.0,438.44328312,17.025716879999997,7200.0,2.163294841257879,"BINANCE-1-211,BINANCE-1-212"
ToTheMoon-Trainset,ETHUSDT,BINANCE,ETHUSDT-PERP.BINANCE,LONG,2021-07-23 23:00:00+00:00,2021-07-28 18:00:00+00:00,2124.33,2320.08,0.0,1942.4379713,17.8025287,414000.0,9.214670037141115,"BINANCE-1-213,BINANCE-1-214"
ToTheMoon-Trainset,ETHUSDT,BINANCE,ETHUSDT-PERP.BINANCE,LONG,2021-07-30 21:00:00+00:00,2021-08-07 13:00:00+00:00,2441.19,3058.34,0.0,5603.42611306,20.04468694,662400.0,25.280703263572278,"BINANCE-1-215,BINANCE-1-216"
ToTheMoon-Trainset,ETHUSDT,BINANCE,ETHUSDT-PERP.BINANCE,LONG,2021-08-10 14:00:00+00:00,2021-08-10 15:00:00+00:00,3133.41,3123.24,0.0,-101.29257138,20.00376138,3600.0,-0.32456652656371876,"BINANCE-1-217,BINANCE-1-218"
ToTheMoon-Trainset,ETHUSDT,BINANCE,ETHUSDT-PERP.BINANCE,SHORT,2021-08-25 09:00:00+00:00,2021-08-25 12:00:00+00:00,3098.33,3149.67,0.0,-434.3208264,20.1610464,10800.0,-1.6570216858759368,"BINANCE-1-219,BINANCE-1-220"
ToTheMoon-Trainset,ETHUSDT,BINANCE,ETHUSDT-PERP.BINANCE,LONG,2021-08-27 15:00:00+00:00,2021-08-29 03:00:00+00:00,3240.32,3180.74,0.0,-475.24899833,19.640738329999998,129600.0,-1.8387072881690836,"BINANCE-1-221,BINANCE-1-222"
ToTheMoon-Trainset,ETHUSDT,BINANCE,ETHUSDT-PERP.BINANCE,SHORT,2021-08-30 01:00:00+00:00,2021-08-30 17:00:00+00:00,3206.97,3295.14,0.0,-694.57849829,19.90165829,57600.0,-2.7493241283828684,"BINANCE-1-223,BINANCE-1-224"
ToTheMoon-Trainset,ETHUSDT,BINANCE,ETHUSDT-PERP.BINANCE,SHORT,2021-08-31 00:00:00+00:00,2021-08-31 08:00:00+00:00,3214.21,3349.77,0.0,-1040.12295099,19.762830989999998,28800.0,-4.217521568285831,"BINANCE-1-225,BINANCE-1-226"
ToTheMoon-Trainset,ETHUSDT,BINANCE,ETHUSDT-PERP.BINANCE,SHORT,2021-08-31 15:00:00+00:00,2021-08-31 20:00:00+00:00,3391.05,3392.78,0.0,-31.02029689,18.94316689,18000.0,-0.051016646761326,"BINANCE-1-227,BINANCE-1-228"
ToTheMoon-Trainset,ETHUSDT,BINANCE,ETHUSDT-PERP.BINANCE,LONG,2021-09-03 09:00:00+00:00,2021-09-04 18:00:00+00:00,3971.06,3865.13,0.0,-649.80614801,18.67520801,118800.0,-2.667549722240403,"BINANCE-1-229,BINANCE-1-230"
ToTheMoon-Trainset,ETHUSDT,BINANCE,ETHUSDT-PERP.BINANCE,SHORT,2021-09-19 12:00:00+00:00,2021-09-19 16:00:00+00:00,3340.38,3356.72,0.0,-132.8465974,18.7116974,14400.0,-0.48916590328045295,"BINANCE-1-231,BINANCE-1-232"
ToTheMoon-Trainset,ETHUSDT,BINANCE,ETHUSDT-PERP.BINANCE,SHORT,2021-09-21 01:00:00+00:00,2021-09-21 02:00:00+00:00,2993.3,3017.24,0.0,-204.77359097,18.687970970000002,3600.0,-0.7997861891557712,"BINANCE-1-233,BINANCE-1-234"
ToTheMoon-Trainset,ETHUSDT,BINANCE,ETHUSDT-PERP.BINANCE,LONG,2021-09-26 11:00:00+00:00,2021-09-28 01:00:00+00:00,2973.02,2935.15,0.0,-313.49762426,18.414584259999998,136800.0,-1.273788941884002,"BINANCE-1-235,BINANCE-1-236"
ToTheMoon-Trainset,ETHUSDT,BINANCE,ETHUSDT-PERP.BINANCE,LONG,2021-09-30 02:00:00+00:00,2021-10-03 22:00:00+00:00,2990.47,3409.03,0.0,3200.7055388,19.6951012,331200.0,13.996462094587159,"BINANCE-1-237,BINANCE-1-238"
ToTheMoon-Trainset,ETHUSDT,BINANCE,ETHUSDT-PERP.BINANCE,LONG,2021-10-08 10:00:00+00:00,2021-10-08 13:00:00+00:00,3630.56,3599.0,0.0,-233.51446307,19.60078307,10800.0,-0.8692873826627312,"BINANCE-1-239,BINANCE-1-240"
ToTheMoon-Trainset,ETHUSDT,BINANCE,ETHUSDT-PERP.BINANCE,LONG,2021-10-16 09:00:00+00:00,2021-10-16 13:00:00+00:00,3940.81,3922.32,0.0,-134.46309118,19.54774118,14400.0,-0.4691928816664581,"BINANCE-1-241,BINANCE-1-242"
ToTheMoon-Trainset,ETHUSDT,BINANCE,ETHUSDT-PERP.BINANCE,SHORT,2021-10-17 16:00:00+00:00,2021-10-17 23:00:00+00:00,3813.88,3851.01,0.0,-257.41490223,19.63438223,25200.0,-0.9735492464367113,"BINANCE-1-243,BINANCE-1-244"
ToTheMoon-Trainset,ETHUSDT,BINANCE,ETHUSDT-PERP.BINANCE,LONG,2021-10-20 13:00:00+00:00,2021-10-23 17:00:00+00:00,4012.86,4107.89,0.0,555.6464118,19.6652082,273600.0,2.3681364413410844,"BINANCE-1-245,BINANCE-1-246"
ToTheMoon-Trainset,ETHUSDT,BINANCE,ETHUSDT-PERP.BINANCE,LONG,2021-10-29 16:00:00+00:00,2021-10-29 19:00:00+00:00,4429.25,4406.52,0.0,-145.71438078,19.60834078,10800.0,-0.5131794321837635,"BINANCE-1-247,BINANCE-1-248"
ToTheMoon-Trainset,ETHUSDT,BINANCE,ETHUSDT-PERP.BINANCE,SHORT,2021-11-01 03:00:00+00:00,2021-11-01 08:00:00+00:00,4192.61,4315.67,0.0,-739.05159533,19.88895533,18000.0,-2.9351644918082176,"BINANCE-1-249,BINANCE-1-250"
ToTheMoon-Trainset,ETHUSDT,BINANCE,ETHUSDT-PERP.BINANCE,LONG,2021-11-02 11:00:00+00:00,2021-11-06 11:00:00+00:00,4417.84,4372.0,0.0,-269.58212243,19.20404243,345600.0,-1.0376111402857546,"BINANCE-1-251,BINANCE-1-252"
ToTheMoon-Trainset,ETHUSDT,BINANCE,ETHUSDT-PERP.BINANCE,LONG,2021-11-21 17:00:00+00:00,2021-11-21 20:00:00+00:00,4374.1,4384.17,0.0,36.02487231,19.21914769,10800.0,0.2302187878649331,"BINANCE-1-253,BINANCE-1-254"
ToTheMoon-Trainset,ETHUSDT,BINANCE,ETHUSDT-PERP.BINANCE,LONG,2021-11-22 02:00:00+00:00,2021-11-22 04:00:00+00:00,4189.91,4155.62,0.0,-215.64728297,19.13129297,7200.0,-0.81839466718856,"BINANCE-1-255,BINANCE-1-256"
ToTheMoon-Trainset,ETHUSDT,BINANCE,ETHUSDT-PERP.BINANCE,SHORT,2021-11-22 20:00:00+00:00,2021-11-23 01:00:00+00:00,4060.0,4139.94,0.0,-489.99921869,19.312498689999998,18000.0,-1.9689655172413723,"BINANCE-1-257,BINANCE-1-258"
ToTheMoon-Trainset,ETHUSDT,BINANCE,ETHUSDT-PERP.BINANCE,LONG,2021-11-30 12:00:00+00:00,2021-11-30 16:00:00+00:00,4590.01,4563.84,0.0,-153.7815887,18.8752387,14400.0,-0.5701512632870109,"BINANCE-1-259,BINANCE-1-260"
ToTheMoon-Trainset,ETHUSDT,BINANCE,ETHUSDT-PERP.BINANCE,SHORT,2021-12-03 15:00:00+00:00,2021-12-06 12:00:00+00:00,4468.8,4050.95,0.0,2187.4254038,17.9868962,248400.0,9.350384890798436,"BINANCE-1-261,BINANCE-1-262"
ToTheMoon-Trainset,ETHUSDT,BINANCE,ETHUSDT-PERP.BINANCE,SHORT,2021-12-10 15:00:00+00:00,2021-12-10 16:00:00+00:00,4020.1,3975.18,0.0,256.13067043,19.633209569999998,3600.0,1.1173851396731438,"BINANCE-1-263,BINANCE-1-264"
ToTheMoon-Trainset,ETHUSDT,BINANCE,ETHUSDT-PERP.BINANCE,LONG,2021-12-15 21:00:00+00:00,2021-12-15 23:00:00+00:00,4062.49,4019.01,0.0,-285.2271356,19.7382556,7200.0,-1.070279557611209,"BINANCE-1-265,BINANCE-1-266"
ToTheMoon-Trainset,ETHUSDT,BINANCE,ETHUSDT-PERP.BINANCE,LONG,2021-12-17 16:00:00+00:00,2021-12-18 02:00:00+00:00,3908.7,3787.47,0.0,-784.38643308,19.425133080000002,36000.0,-3.1015427124107764,"BINANCE-1-267,BINANCE-1-268"
ToTheMoon-Trainset,ETHUSDT,BINANCE,ETHUSDT-PERP.BINANCE,LONG,2021-12-23 03:00:00+00:00,2021-12-23 08:00:00+00:00,3959.44,3928.26,0.0,-210.4740404,19.340640399999998,18000.0,-0.7874850989028737,"BINANCE-1-269,BINANCE-1-270"
ToTheMoon-Trainset,ETHUSDT,BINANCE,ETHUSDT-PERP.BINANCE,LONG,2022-01-02 17:00:00+00:00,2022-01-02 19:00:00+00:00,3823.47,3797.01,0.0,-186.49177344,19.26457344,7200.0,-0.6920415224913379,"BINANCE-1-271,BINANCE-1-272"
ToTheMoon-Trainset,ETHUSDT,BINANCE,ETHUSDT-PERP.BINANCE,SHORT,2022-01-05 19:00:00+00:00,2022-01-10 17:00:00+00:00,3653.62,3010.45,0.0,4220.28330711,17.56382289,424800.0,17.603636940896973,"BINANCE-1-273,BINANCE-1-274"
ToTheMoon-Trainset,ETHUSDT,BINANCE,ETHUSDT-PERP.BINANCE,SHORT,2022-01-11 18:00:00+00:00,2022-01-12 10:00:00+00:00,3231.29,3246.39,0.0,-143.35075642,20.99545642,57600.0,-0.46730562716437163,"BINANCE-1-275,BINANCE-1-276"
ToTheMoon-Trainset,ETHUSDT,BINANCE,ETHUSDT-PERP.BINANCE,LONG,2022-01-12 15:00:00+00:00,2022-01-13 04:00:00+00:00,3360.27,3335.54,0.0,-212.99008581,20.81325581,46800.0,-0.7359527657003762,"BINANCE-1-277,BINANCE-1-278"
ToTheMoon-Trainset,ETHUSDT,BINANCE,ETHUSDT-PERP.BINANCE,LONG,2022-01-16 13:00:00+00:00,2022-01-16 14:00:00+00:00,3338.73,3350.12,0.0,67.87692894,20.83978106,3600.0,0.34114768190298683,"BINANCE-1-279,BINANCE-1-280"
ToTheMoon-Trainset,ETHUSDT,BINANCE,ETHUSDT-PERP.BINANCE,SHORT,2022-01-18 14:00:00+00:00,2022-01-18 23:00:00+00:00,3118.38,3159.32,0.0,-362.816518,20.967518,32400.0,-1.3128611650921274,"BINANCE-1-281,BINANCE-1-282"
ToTheMoon-Trainset,ETHUSDT,BINANCE,ETHUSDT-PERP.BINANCE,SHORT,2022-01-19 04:00:00+00:00,2022-01-19 12:00:00+00:00,3099.56,3118.5,0.0,-178.74590261,20.74842261,28800.0,-0.6110544722476741,"BINANCE-1-283,BINANCE-1-284"
ToTheMoon-Trainset,ETHUSDT,BINANCE,ETHUSDT-PERP.BINANCE,SHORT,2022-01-21 23:00:00+00:00,2022-01-22 00:00:00+00:00,2566.91,2590.68,0.0,-259.31201537,20.70875537,3600.0,-0.926016104966676,"BINANCE-1-285,BINANCE-1-286"
ToTheMoon-Trainset,ETHUSDT,BINANCE,ETHUSDT-PERP.BINANCE,LONG,2022-02-07 00:00:00+00:00,2022-02-07 01:00:00+00:00,3008.12,3018.29,0.0,66.13367303,20.54523697,3600.0,0.338084916825121,"BINANCE-1-287,BINANCE-1-288"
ToTheMoon-Trainset,ETHUSDT,BINANCE,ETHUSDT-PERP.BINANCE,SHORT,2022-02-09 14:00:00+00:00,2022-02-09 20:00:00+00:00,3187.51,3256.82,0.0,-578.98379353,20.761053529999998,21600.0,-2.174424550824927,"BINANCE-1-289,BINANCE-1-290"
ToTheMoon-Trainset,ETHUSDT,BINANCE,ETHUSDT-PERP.BINANCE,LONG,2022-02-16 20:00:00+00:00,2022-02-16 22:00:00+00:00,3147.2,3135.25,0.0,-116.6439337,20.267183699999997,7200.0,-0.3797025927808839,"BINANCE-1-291,BINANCE-1-292"
ToTheMoon-Trainset,ETHUSDT,BINANCE,ETHUSDT-PERP.BINANCE,SHORT,2022-02-18 15:00:00+00:00,2022-02-24 08:00:00+00:00,2798.58,2380.09,0.0,3768.17129607,18.74471393,493200.0,14.953655067927297,"BINANCE-1-293,BINANCE-1-294"
ToTheMoon-Trainset,ETHUSDT,BINANCE,ETHUSDT-PERP.BINANCE,SHORT,2022-03-02 16:00:00+00:00,2022-03-07 09:00:00+00:00,2963.2,2529.5,0.0,3962.05981144,20.17358856,406800.0,14.636204103671702,"BINANCE-1-295,BINANCE-1-296"
ToTheMoon-Trainset,ETHUSDT,BINANCE,ETHUSDT-PERP.BINANCE,SHORT,2022-03-07 20:00:00+00:00,2022-03-07 22:00:00+00:00,2466.17,2503.17,0.0,-461.4588433,23.526843300000003,7200.0,-1.500302087852834,"BINANCE-1-297,BINANCE-1-298"
ToTheMoon-Trainset,ETHUSDT,BINANCE,ETHUSDT-PERP.BINANCE,SHORT,2022-03-08 17:00:00+00:00,2022-03-08 18:00:00+00:00,2591.78,2568.97,0.0,231.7917061,23.0644239,3600.0,0.8800901311068254,"BINANCE-1-299,BINANCE-1-300"
ToTheMoon-Trainset,ETHUSDT,BINANCE,ETHUSDT-PERP.BINANCE,LONG,2022-03-09 04:00:00+00:00,2022-03-10 02:00:00+00:00,2717.82,2660.72,0.0,-633.81239696,23.013696959999997,79200.0,-2.1009485543560746,"BINANCE-1-301,BINANCE-1-302"
ToTheMoon-Trainset,ETHUSDT,BINANCE,ETHUSDT-PERP.BINANCE,LONG,2022-03-11 12:00:00+00:00,2022-03-11 14:00:00+00:00,2652.66,2609.01,0.0,-496.02635578,22.81670578,7200.0,-1.6455180837347982,"BINANCE-1-303,BINANCE-1-304"
ToTheMoon-Trainset,ETHUSDT,BINANCE,ETHUSDT-PERP.BINANCE,LONG,2022-03-14 05:00:00+00:00,2022-03-14 18:00:00+00:00,2565.83,2528.5,0.0,-437.41487025,22.64124025,46800.0,-1.454889840714313,"BINANCE-1-305,BINANCE-1-306"
ToTheMoon-Trainset,ETHUSDT,BINANCE,ETHUSDT-PERP.BINANCE,LONG,2022-03-16 03:00:00+00:00,2022-03-16 04:00:00+00:00,2619.83,2617.98,0.0,-42.59944896,22.62314896,3600.0,-0.07061526892966352,"BINANCE-1-307,BINANCE-1-308"
ToTheMoon-Trainset,ETHUSDT,BINANCE,ETHUSDT-PERP.BINANCE,LONG,2022-03-16 20:00:00+00:00,2022-03-21 17:00:00+00:00,2772.24,2919.54,0.0,1478.80246774,23.21563226,421200.0,5.313392779845905,"BINANCE-1-309,BINANCE-1-310"
ToTheMoon-Trainset,ETHUSDT,BINANCE,ETHUSDT-PERP.BINANCE,LONG,2022-03-25 13:00:00+00:00,2022-03-25 16:00:00+00:00,3175.39,3094.97,0.0,-757.54859544,22.911895440000002,10800.0,-2.5326022945213023,"BINANCE-1-311,BINANCE-1-312"
ToTheMoon-Trainset,ETHUSDT,BINANCE,ETHUSDT-PERP.BINANCE,LONG,2022-03-27 17:00:00+00:00,2022-03-29 16:00:00+00:00,3178.41,3420.36,0.0,2155.46960144,23.77404856,169200.0,7.612296714394939,"BINANCE-1-313,BINANCE-1-314"
ToTheMoon-Trainset,ETHUSDT,BINANCE,ETHUSDT-PERP.BINANCE,SHORT,2022-03-31 14:00:00+00:00,2022-04-01 15:00:00+00:00,3378.94,3432.2,0.0,-492.21533715,23.95341715,90000.0,-1.576233966865348,"BINANCE-1-315,BINANCE-1-316"
ToTheMoon-Trainset,ETHUSDT,BINANCE,ETHUSDT-PERP.BINANCE,LONG,2022-04-11 17:00:00+00:00,2022-04-11 21:00:00+00:00,3020.98,2962.39,0.0,-594.70960969,23.339929689999998,14400.0,-1.9394368714787946,"BINANCE-1-317,BINANCE-1-318"
ToTheMoon-Trainset,ETHUSDT,BINANCE,ETHUSDT-PERP.BINANCE,LONG,2022-04-13 14:00:00+00:00,2022-04-14 14:00:00+00:00,3071.09,3041.7,0.0,-302.30626154,23.21882154,86400.0,-0.9569892122992307,"BINANCE-1-319,BINANCE-1-320"
ToTheMoon-Trainset,ETHUSDT,BINANCE,ETHUSDT-PERP.BINANCE,SHORT,2022-04-16 16:00:00+00:00,2022-04-16 23:00:00+00:00,3024.61,3057.99,0.0,-343.51867968,23.33771968,25200.0,-1.1036133584164443,"BINANCE-1-321,BINANCE-1-322"
ToTheMoon-Trainset,ETHUSDT,BINANCE,ETHUSDT-PERP.BINANCE,LONG,2022-04-17 14:00:00+00:00,2022-04-17 19:00:00+00:00,3062.18,3050.24,0.0,-135.47762863,23.02670863,18000.0,-0.38991829350332186,"BINANCE-1-323,BINANCE-1-324"
ToTheMoon-Trainset,ETHUSDT,BINANCE,ETHUSDT-PERP.BINANCE,LONG,2022-04-20 12:00:00+00:00,2022-04-20 14:00:00+00:00,3154.3,3097.86,0.0,-537.65856141,22.81288141,7200.0,-1.7893034904733263,"BINANCE-1-325,BINANCE-1-326"
ToTheMoon-Trainset,ETHUSDT,BINANCE,ETHUSDT-PERP.BINANCE,SHORT,2022-04-21 16:00:00+00:00,2022-04-29 14:00:00+00:00,3077.86,2857.85,0.0,2015.52436588,21.988244119999997,684000.0,7.148148388815612,"BINANCE-1-327,BINANCE-1-328"
ToTheMoon-Trainset,ETHUSDT,BINANCE,ETHUSDT-PERP.BINANCE,SHORT,2022-05-06 14:00:00+00:00,2022-05-06 15:00:00+00:00,2695.65,2687.06,0.0,70.47135637,23.57196363,3600.0,0.3186615473077081,"BINANCE-1-329,BINANCE-1-330"
ToTheMoon-Trainset,ETHUSDT,BINANCE,ETHUSDT-PERP.BINANCE,LONG,2022-05-09 16:00:00+00:00,2022-05-09 17:00:00+00:00,2328.05,2298.54,0.0,-398.02919211,23.48827211,3600.0,-1.2675844590966823,"BINANCE-1-331,BINANCE-1-332"
ToTheMoon-Trainset,ETHUSDT,BINANCE,ETHUSDT-PERP.BINANCE,LONG,2022-05-11 08:00:00+00:00,2022-05-11 13:00:00+00:00,2376.57,2341.16,0.0,-460.58178911,23.30369911,18000.0,-1.4899624248391752,"BINANCE-1-333,BINANCE-1-334"
ToTheMoon-Trainset,ETHUSDT,BINANCE,ETHUSDT-PERP.BINANCE,LONG,2022-05-12 08:00:00+00:00,2022-05-12 09:00:00+00:00,1911.94,1913.06,0.0,-6.2443,23.3019,3600.0,0.05857924411853954,"BINANCE-1-335,BINANCE-1-336"
ToTheMoon-Trainset,ETHUSDT,BINANCE,ETHUSDT-PERP.BINANCE,LONG,2022-05-22 10:00:00+00:00,2022-05-22 16:00:00+00:00,2027.47,2008.18,0.0,-300.1851736,23.180773600000002,21600.0,-0.9514320803760357,"BINANCE-1-337,BINANCE-1-338"
ToTheMoon-Trainset,ETHUSDT,BINANCE,ETHUSDT-PERP.BINANCE,SHORT,2022-05-23 14:00:00+00:00,2022-05-26 15:00:00+00:00,2057.45,1860.9,0.0,2744.96588748,22.06501252,262800.0,9.553087559843487,"BINANCE-1-339,BINANCE-1-340"
ToTheMoon-Trainset,ETHUSDT,BINANCE,ETHUSDT-PERP.BINANCE,LONG,2022-05-26 17:00:00+00:00,2022-05-26 19:00:00+00:00,1875.52,1826.0,0.0,-824.9348344,23.948834400000003,7200.0,-2.6403344139225404,"BINANCE-1-341,BINANCE-1-342"
ToTheMoon-Trainset,ETHUSDT,BINANCE,ETHUSDT-PERP.BINANCE,LONG,2022-05-30 02:00:00+00:00,2022-06-01 15:00:00+00:00,1874.46,1880.3,0.0,69.25336454,23.97639546,219600.0,0.3115563949083855,"BINANCE-1-343,BINANCE-1-344"
ToTheMoon-Trainset,ETHUSDT,BINANCE,ETHUSDT-PERP.BINANCE,LONG,2022-06-05 18:00:00+00:00,2022-06-07 01:00:00+00:00,1815.61,1741.36,0.0,-1248.67667478,23.47742478,111600.0,-4.089534646757842,"BINANCE-1-345,BINANCE-1-346"
ToTheMoon-Trainset,ETHUSDT,BINANCE,ETHUSDT-PERP.BINANCE,SHORT,2022-06-07 23:00:00+00:00,2022-06-08 00:00:00+00:00,1812.61,1813.5,0.0,-37.8777457,23.4739857,3600.0,-0.04910046838537685,"BINANCE-1-347,BINANCE-1-348"
ToTheMoon-Trainset,ETHUSDT,BINANCE,ETHUSDT-PERP.BINANCE,SHORT,2022-06-11 09:00:00+00:00,2022-06-11 10:00:00+00:00,1595.25,1585.82,0.0,149.91170064,23.38340936,3600.0,0.5911299169409245,"BINANCE-1-349,BINANCE-1-350"
ToTheMoon-Trainset,ETHUSDT,BINANCE,ETHUSDT-PERP.BINANCE,SHORT,2022-06-11 12:00:00+00:00,2022-06-15 11:00:00+00:00,1552.44,1119.5,0.0,8176.18601277,20.23406723,342000.0,27.88771224652805,"BINANCE-1-351,BINANCE-1-352"
ToTheMoon-Trainset,ETHUSDT,BINANCE,ETHUSDT-PERP.BINANCE,LONG,2022-06-18 22:00:00+00:00,2022-06-26 13:00:00+00:00,990.51,1228.0,0.0,7997.1677448,29.994255199999998,658800.0,23.976537339350436,"BINANCE-1-353,BINANCE-1-354"
ToTheMoon-Trainset,ETHUSDT,BINANCE,ETHUSDT-PERP.BINANCE,SHORT,2022-06-28 15:00:00+00:00,2022-07-07 15:00:00+00:00,1183.26,1219.75,0.0,-1186.19198429,30.44421429,777600.0,-3.083853083853083,"BINANCE-1-355,BINANCE-1-356"
ToTheMoon-Trainset,ETHUSDT,BINANCE,ETHUSDT-PERP.BINANCE,LONG,2022-07-08 02:00:00+00:00,2022-07-08 03:00:00+00:00,1253.06,1258.57,0.0,132.61942373,29.57293627,3600.0,0.43972355673311814,"BINANCE-1-357,BINANCE-1-358"
ToTheMoon-Trainset,ETHUSDT,BINANCE,ETHUSDT-PERP.BINANCE,LONG,2022-07-10 17:00:00+00:00,2022-07-11 01:00:00+00:00,1171.31,1152.12,0.0,-634.70582849,29.318898490000002,28800.0,-1.6383365633350744,"BINANCE-1-359,BINANCE-1-360"
ToTheMoon-Trainset,ETHUSDT,BINANCE,ETHUSDT-PERP.BINANCE,SHORT,2022-07-11 14:00:00+00:00,2022-07-11 18:00:00+00:00,1138.59,1148.57,0.0,-350.53135433,29.43483433,14400.0,-0.8765227166934508,"BINANCE-1-361,BINANCE-1-362"
ToTheMoon-Trainset,ETHUSDT,BINANCE,ETHUSDT-PERP.BINANCE,SHORT,2022-07-13 13:00:00+00:00,2022-07-13 14:00:00+00:00,1041.03,1065.83,0.0,-898.03453762,29.51373762,3600.0,-2.38225603488853,"BINANCE-1-363,BINANCE-1-364"
ToTheMoon-Trainset,ETHUSDT,BINANCE,ETHUSDT-PERP.BINANCE,LONG,2022-07-14 17:00:00+00:00,2022-07-20 17:00:00+00:00,1195.24,1544.96,0.0,10502.99283784,33.02160216,518400.0,29.259395602556815,"BINANCE-1-365,BINANCE-1-366"
ToTheMoon-Trainset,ETHUSDT,BINANCE,ETHUSDT-PERP.BINANCE,SHORT,2022-07-25 20:00:00+00:00,2022-07-25 21:00:00+00:00,1522.09,1513.4,0.0,202.65409483,32.91442517,3600.0,0.5709255037481209,"BINANCE-1-367,BINANCE-1-368"
ToTheMoon-Trainset,ETHUSDT,BINANCE,ETHUSDT-PERP.BINANCE,SHORT,2022-07-25 23:00:00+00:00,2022-07-27 17:00:00+00:00,1440.4,1499.17,0.0,-1721.40439685,33.76507685,151200.0,-4.08011663426826,"BINANCE-1-369,BINANCE-1-370"
ToTheMoon-Trainset,ETHUSDT,BINANCE,ETHUSDT-PERP.BINANCE,LONG,2022-08-01 15:00:00+00:00,2022-08-01 17:00:00+00:00,1671.94,1632.9,0.0,-977.72753766,32.022577659999996,7200.0,-2.3350120219625126,"BINANCE-1-371,BINANCE-1-372"
ToTheMoon-Trainset,ETHUSDT,BINANCE,ETHUSDT-PERP.BINANCE,SHORT,2022-08-05 13:00:00+00:00,2022-08-05 15:00:00+00:00,1685.19,1669.65,0.0,337.11883162,31.86292838,7200.0,0.9221512114360952,"BINANCE-1-373,BINANCE-1-374"
ToTheMoon-Trainset,ETHUSDT,BINANCE,ETHUSDT-PERP.BINANCE,LONG,2022-08-08 10:00:00+00:00,2022-08-09 10:00:00+00:00,1772.33,1712.65,0.0,-1384.60847263,31.603192630000002,86400.0,-3.3673187273250416,"BINANCE-1-375,BINANCE-1-376"
ToTheMoon-Trainset,ETHUSDT,BINANCE,ETHUSDT-PERP.BINANCE,SHORT,2022-08-13 05:00:00+00:00,2022-08-13 07:00:00+00:00,1993.22,1995.29,0.0,-72.61898405,31.60814405,7200.0,-0.10385205847824874,"BINANCE-1-377,BINANCE-1-378"
ToTheMoon-Trainset,ETHUSDT,BINANCE,ETHUSDT-PERP.BINANCE,SHORT,2022-08-15 07:00:00+00:00,2022-08-15 18:00:00+00:00,1899.38,1895.55,0.0,48.02313359,31.52979641,39600.0,0.2016447472333205,"BINANCE-1-379,BINANCE-1-380"
ToTheMoon-Trainset,ETHUSDT,BINANCE,ETHUSDT-PERP.BINANCE,SHORT,2022-08-17 08:00:00+00:00,2022-08-20 22:00:00+00:00,1883.62,1572.68,0.0,6487.70566584,28.97485416,309600.0,16.507575838014034,"BINANCE-1-381,BINANCE-1-382"
ToTheMoon-Trainset,ETHUSDT,BINANCE,ETHUSDT-PERP.BINANCE,LONG,2022-08-26 13:00:00+00:00,2022-08-26 15:00:00+00:00,1689.4,1592.56,0.0,-2481.98944901,33.19636901,7200.0,-5.732212619865051,"BINANCE-1-383,BINANCE-1-384"
ToTheMoon-Trainset,ETHUSDT,BINANCE,ETHUSDT-PERP.BINANCE,SHORT,2022-09-01 15:00:00+00:00,2022-09-01 16:00:00+00:00,1535.32,1538.4,0.0,-116.4294373,33.2170773,3600.0,-0.20060964489487798,"BINANCE-1-385,BINANCE-1-386"
ToTheMoon-Trainset,ETHUSDT,BINANCE,ETHUSDT-PERP.BINANCE,LONG,2022-09-02 14:00:00+00:00,2022-09-02 17:00:00+00:00,1636.82,1582.78,0.0,-1400.12631904,32.590079040000006,10800.0,-3.30152368617197,"BINANCE-1-387,BINANCE-1-388"
ToTheMoon-Trainset,ETHUSDT,BINANCE,ETHUSDT-PERP.BINANCE,SHORT,2022-09-04 14:00:00+00:00,2022-09-04 17:00:00+00:00,1553.42,1569.03,0.0,-441.94130172,32.740761719999995,10800.0,-1.0048795560762658,"BINANCE-1-389,BINANCE-1-390"
ToTheMoon-Trainset,ETHUSDT,BINANCE,ETHUSDT-PERP.BINANCE,LONG,2022-09-05 15:00:00+00:00,2022-09-06 02:00:00+00:00,1599.63,1643.0,0.0,1065.20289746,32.83876254,39600.0,2.7112519770196686,"BINANCE-1-391,BINANCE-1-392"
ToTheMoon-Trainset,ETHUSDT,BINANCE,ETHUSDT-PERP.BINANCE,SHORT,2022-09-12 16:00:00+00:00,2022-09-12 18:00:00+00:00,1711.99,1727.46,0.0,-403.75965504,32.97469504,7200.0,-0.9036267735208714,"BINANCE-1-393,BINANCE-1-394"
ToTheMoon-Trainset,ETHUSDT,BINANCE,ETHUSDT-PERP.BINANCE,SHORT,2022-09-13 13:00:00+00:00,2022-09-15 08:00:00+00:00,1601.61,1607.5,0.0,-182.88488014,32.72522014,154800.0,-0.3677549465850083,"BINANCE-1-395,BINANCE-1-396"
ToTheMoon-Trainset,ETHUSDT,BINANCE,ETHUSDT-PERP.BINANCE,SHORT,2022-09-21 20:00:00+00:00,2022-09-23 00:00:00+00:00,1313.97,1320.33,0.0,-229.8623886,32.6705886,100800.0,-0.4840293157377884,"BINANCE-1-397,BINANCE-1-398"
ToTheMoon-Trainset,ETHUSDT,BINANCE,ETHUSDT-PERP.BINANCE,LONG,2022-09-30 16:00:00+00:00,2022-09-30 20:00:00+00:00,1351.88,1331.37,0.0,-648.578165,32.252665,14400.0,-1.5171464922922318,"BINANCE-1-399,BINANCE-1-400"
ToTheMoon-Trainset,ETHUSDT,BINANCE,ETHUSDT-PERP.BINANCE,LONG,2022-10-04 09:00:00+00:00,2022-10-05 13:00:00+00:00,1347.39,1322.93,0.0,-763.54630848,31.94770848,100800.0,-1.8153615508501697,"BINANCE-1-401,BINANCE-1-402"
ToTheMoon-Trainset,ETHUSDT,BINANCE,ETHUSDT-PERP.BINANCE,LONG,2022-10-05 17:00:00+00:00,2022-10-07 13:00:00+00:00,1347.9,1331.97,0.0,-503.51269002,31.74574002,158400.0,-1.1818384153127082,"BINANCE-1-403,BINANCE-1-404"
ToTheMoon-Trainset,ETHUSDT,BINANCE,ETHUSDT-PERP.BINANCE,SHORT,2022-10-10 02:00:00+00:00,2022-10-13 16:00:00+00:00,1323.82,1264.61,0.0,1743.14455339,31.023886609999998,309600.0,4.4726624465561855,"BINANCE-1-405,BINANCE-1-406"
ToTheMoon-Trainset,ETHUSDT,BINANCE,ETHUSDT-PERP.BINANCE,LONG,2022-10-16 20:00:00+00:00,2022-10-16 22:00:00+00:00,1309.74,1307.94,0.0,-88.11972548,32.40792548,7200.0,-0.13743185670438418,"BINANCE-1-407,BINANCE-1-408"
ToTheMoon-Trainset,ETHUSDT,BINANCE,ETHUSDT-PERP.BINANCE,LONG,2022-10-17 14:00:00+00:00,2022-10-17 15:00:00+00:00,1325.6,1328.53,0.0,57.0742947,32.431345300000004,3600.0,0.2210319855159959,"BINANCE-1-409,BINANCE-1-410"
ToTheMoon-Trainset,ETHUSDT,BINANCE,ETHUSDT-PERP.BINANCE,SHORT,2022-10-20 17:00:00+00:00,2022-10-21 14:00:00+00:00,1284.2,1278.96,0.0,132.99599448,32.35220552,75600.0,0.4080361314437009,"BINANCE-1-411,BINANCE-1-412"
ToTheMoon-Trainset,ETHUSDT,BINANCE,ETHUSDT-PERP.BINANCE,SHORT,2022-10-31 14:00:00+00:00,2022-10-31 16:00:00+00:00,1556.06,1562.95,0.0,-212.26940034,32.54375034,7200.0,-0.44278498258423227,"BINANCE-1-413,BINANCE-1-414"
ToTheMoon-Trainset,ETHUSDT,BINANCE,ETHUSDT-PERP.BINANCE,SHORT,2022-11-01 14:00:00+00:00,2022-11-02 06:00:00+00:00,1568.69,1586.91,0.0,-502.77816768,32.574627680000006,57600.0,-1.1614786860373982,"BINANCE-1-415,BINANCE-1-416"
ToTheMoon-Trainset,ETHUSDT,BINANCE,ETHUSDT-PERP.BINANCE,SHORT,2022-11-02 08:00:00+00:00,2022-11-02 19:00:00+00:00,1573.43,1535.24,0.0,944.68587671,31.79423329,39600.0,2.427181380804999,"BINANCE-1-417,BINANCE-1-418"
ToTheMoon-Trainset,ETHUSDT,BINANCE,ETHUSDT-PERP.BINANCE,SHORT,2022-11-04 16:00:00+00:00,2022-11-04 19:00:00+00:00,1621.43,1647.39,0.0,-684.52402291,32.824182910000005,10800.0,-1.6010558581005752,"BINANCE-1-419,BINANCE-1-420"
ToTheMoon-Trainset,ETHUSDT,BINANCE,ETHUSDT-PERP.BINANCE,LONG,2022-11-14 07:00:00+00:00,2022-11-14 14:00:00+00:00,1259.67,1251.07,0.0,-307.74085244,32.17965244,25200.0,-0.682718489763201,"BINANCE-1-421,BINANCE-1-422"
ToTheMoon-Trainset,ETHUSDT,BINANCE,ETHUSDT-PERP.BINANCE,LONG,2022-11-22 13:00:00+00:00,2022-12-02 14:00:00+00:00,1132.6,1279.21,0.0,5170.407298,34.247702000000004,867600.0,12.944552357407746,"BINANCE-1-423,BINANCE-1-424"
ToTheMoon-Trainset,ETHUSDT,BINANCE,ETHUSDT-PERP.BINANCE,SHORT,2022-12-06 15:00:00+00:00,2022-12-07 00:00:00+00:00,1253.79,1268.16,0.0,-524.89314018,34.43067018,32400.0,-1.1461249491541814,"BINANCE-1-425,BINANCE-1-426"
ToTheMoon-Trainset,ETHUSDT,BINANCE,ETHUSDT-PERP.BINANCE,SHORT,2022-12-08 13:00:00+00:00,2022-12-08 18:00:00+00:00,1244.13,1287.39,0.0,-1513.45910448,34.61600448,18000.0,-3.477128595886292,"BINANCE-1-427,BINANCE-1-428"
ToTheMoon-Trainset,ETHUSDT,BINANCE,ETHUSDT-PERP.BINANCE,SHORT,2022-12-11 21:00:00+00:00,2022-12-13 10:00:00+00:00,1264.47,1278.73,0.0,-504.71549936,33.60787936,133200.0,-1.1277452213180217,"BINANCE-1-429,BINANCE-1-430"
ToTheMoon-Trainset,ETHUSDT,BINANCE,ETHUSDT-PERP.BINANCE,LONG,2022-12-13 14:00:00+00:00,2022-12-13 17:00:00+00:00,1332.44,1308.3,0.0,-785.16697595,32.91629595,10800.0,-1.8117138482783512,"BINANCE-1-431,BINANCE-1-432"
ToTheMoon-Trainset,ETHUSDT,BINANCE,ETHUSDT-PERP.BINANCE,SHORT,2022-12-14 20:00:00+00:00,2022-12-22 21:00:00+00:00,1308.58,1214.56,0.0,2923.32768392,31.720916080000002,694800.0,7.184887435235144,"BINANCE-1-433,BINANCE-1-434"
ToTheMoon-Trainset,ETHUSDT,BINANCE,ETHUSDT-PERP.BINANCE,LONG,2022-12-25 22:00:00+00:00,2022-12-27 18:00:00+00:00,1216.88,1206.22,0.0,-407.0234,33.9234,158400.0,-0.876010781671166,"BINANCE-1-435,BINANCE-1-436"
ToTheMoon-Trainset,ETHUSDT,BINANCE,ETHUSDT-PERP.BINANCE,SHORT,2022-12-28 22:00:00+00:00,2022-12-29 10:00:00+00:00,1185.43,1199.26,0.0,-528.62705413,34.10774413,43200.0,-1.1666652607070782,"BINANCE-1-437,BINANCE-1-438"
ToTheMoon-Trainset,ETHUSDT,BINANCE,ETHUSDT-PERP.BINANCE,LONG,2022-12-30 15:00:00+00:00,2023-01-08 17:00:00+00:00,1194.81,1264.03,0.0,2405.67653832,34.67456168,784800.0,5.79338974397603,"BINANCE-1-439,BINANCE-1-440"
ToTheMoon-Trainset,ETHUSDT,BINANCE,ETHUSDT-PERP.BINANCE,LONG,2023-01-18 15:00:00+00:00,2023-01-18 16:00:00+00:00,1550.09,1538.67,0.0,-353.7213368,34.532336799999996,3600.0,-0.7367314155952154,"BINANCE-1-441,BINANCE-1-442"
ToTheMoon-Trainset,ETHUSDT,BINANCE,ETHUSDT-PERP.BINANCE,LONG,2023-01-20 18:00:00+00:00,2023-01-22 21:00:00+00:00,1592.01,1629.01,0.0,967.89127798,34.91972202,183600.0,2.324106004359261,"BINANCE-1-443,BINANCE-1-444"
ToTheMoon-Trainset,ETHUSDT,BINANCE,ETHUSDT-PERP.BINANCE,SHORT,2023-01-29 21:00:00+00:00,2023-02-02 01:00:00+00:00,1643.56,1676.23,0.0,-902.57667397,35.25351397,273600.0,-1.9877582808050853,"BINANCE-1-445,BINANCE-1-446"
ToTheMoon-Trainset,ETHUSDT,BINANCE,ETHUSDT-PERP.BINANCE,SHORT,2023-02-06 17:00:00+00:00,2023-02-07 18:00:00+00:00,1647.25,1638.52,0.0,194.39495009,34.45326991,90000.0,0.5299741994232776,"BINANCE-1-447,BINANCE-1-448"
ToTheMoon-Trainset,ETHUSDT,BINANCE,ETHUSDT-PERP.BINANCE,SHORT,2023-02-07 19:00:00+00:00,2023-02-07 21:00:00+00:00,1656.42,1667.43,0.0,-322.40750112,34.73822112,7200.0,-0.6646864925562435,"BINANCE-1-449,BINANCE-1-450"
ToTheMoon-Trainset,ETHUSDT,BINANCE,ETHUSDT-PERP.BINANCE,SHORT,2023-02-09 17:00:00+00:00,2023-02-12 17:00:00+00:00,1623.72,1540.19,0.0,2184.53209798,33.60705202,259200.0,5.144359865001357,"BINANCE-1-451,BINANCE-1-452"
ToTheMoon-Trainset,ETHUSDT,BINANCE,ETHUSDT-PERP.BINANCE,SHORT,2023-02-14 16:00:00+00:00,2023-02-14 20:00:00+00:00,1539.29,1556.01,0.0,-515.77516452,35.56004452,14400.0,-1.0862150731830944,"BINANCE-1-453,BINANCE-1-454"
ToTheMoon-Trainset,ETHUSDT,BINANCE,ETHUSDT-PERP.BINANCE,LONG,2023-02-15 13:00:00+00:00,2023-02-19 17:00:00+00:00,1576.72,1682.58,0.0,2914.506305,36.341195,360000.0,6.713937794916025,"BINANCE-1-455,BINANCE-1-456"
ToTheMoon-Trainset,ETHUSDT,BINANCE,ETHUSDT-PERP.BINANCE,SHORT,2023-02-20 17:00:00+00:00,2023-02-21 10:00:00+00:00,1696.54,1679.98,0.0,407.09458627,36.15037373,61200.0,0.9761043064118735,"BINANCE-1-457,BINANCE-1-458"
ToTheMoon-Trainset,ETHUSDT,BINANCE,ETHUSDT-PERP.BINANCE,LONG,2023-02-26 19:00:00+00:00,2023-02-27 21:00:00+00:00,1632.69,1626.27,0.0,-215.77376621,36.41822621,93600.0,-0.3932161034856607,"BINANCE-1-459,BINANCE-1-460"
ToTheMoon-Trainset,ETHUSDT,BINANCE,ETHUSDT-PERP.BINANCE,SHORT,2023-03-03 02:00:00+00:00,2023-03-03 05:00:00+00:00,1563.44,1565.65,0.0,-100.75437742,36.43011742,10800.0,-0.14135496085554422,"BINANCE-1-461,BINANCE-1-462"
ToTheMoon-Trainset,ETHUSDT,BINANCE,ETHUSDT-PERP.BINANCE,SHORT,2023-03-06 20:00:00+00:00,2023-03-12 18:00:00+00:00,1560.46,1531.58,0.0,805.21830673,36.027213270000004,511200.0,1.850736321341151,"BINANCE-1-463,BINANCE-1-464"
ToTheMoon-Trainset,ETHUSDT,BINANCE,ETHUSDT-PERP.BINANCE,LONG,2023-03-12 19:00:00+00:00,2023-03-12 20:00:00+00:00,1512.07,1540.59,0.0,827.89483207,37.03120793,3600.0,1.8861560642033703,"BINANCE-1-465,BINANCE-1-466"
ToTheMoon-Trainset,ETHUSDT,BINANCE,ETHUSDT-PERP.BINANCE,LONG,2023-03-14 14:00:00+00:00,2023-03-14 20:00:00+00:00,1759.57,1701.47,0.0,-1564.26168756,36.40598756,21600.0,-3.3019430883681755,"BINANCE-1-467,BINANCE-1-468"
ToTheMoon-Trainset,ETHUSDT,BINANCE,ETHUSDT-PERP.BINANCE,SHORT,2023-03-26 15:00:00+00:00,2023-03-28 20:00:00+00:00,1761.98,1774.03,0.0,-347.61051806,36.51566806,190800.0,-0.6838897149797463,"BINANCE-1-469,BINANCE-1-470"
ToTheMoon-Trainset,ETHUSDT,BINANCE,ETHUSDT-PERP.BINANCE,SHORT,2023-04-03 15:00:00+00:00,2023-04-03 19:00:00+00:00,1796.02,1818.02,0.0,-591.5563373,36.4743373,14400.0,-1.224930680059244,"BINANCE-1-471,BINANCE-1-472"
ToTheMoon-Trainset,ETHUSDT,BINANCE,ETHUSDT-PERP.BINANCE,LONG,2023-04-10 18:00:00+00:00,2023-04-12 03:00:00+00:00,1896.8,1861.92,0.0,-863.52570419,35.68378419,118800.0,-1.8388865457612757,"BINANCE-1-473,BINANCE-1-474"
ToTheMoon-Trainset,ETHUSDT,BINANCE,ETHUSDT-PERP.BINANCE,LONG,2023-04-13 13:00:00+00:00,2023-04-19 09:00:00+00:00,1992.0,1979.97,0.0,-304.8293318,35.561841799999996,504000.0,-0.6039156626506004,"BINANCE-1-475,BINANCE-1-476"
ToTheMoon-Trainset,ETHUSDT,BINANCE,ETHUSDT-PERP.BINANCE,SHORT,2023-04-30 20:00:00+00:00,2023-05-05 14:00:00+00:00,1890.85,1945.63,0.0,-1323.392912,36.062912,410400.0,-2.8971097654494127,"BINANCE-1-477,BINANCE-1-478"
ToTheMoon-Trainset,ETHUSDT,BINANCE,ETHUSDT-PERP.BINANCE,LONG,2023-05-10 13:00:00+00:00,2023-05-10 18:00:00+00:00,1874.05,1833.62,0.0,-979.00544234,34.64150234,18000.0,-2.157359728929331,"BINANCE-1-479,BINANCE-1-480"
ToTheMoon-Trainset,ETHUSDT,BINANCE,ETHUSDT-PERP.BINANCE,SHORT,2023-05-14 17:00:00+00:00,2023-05-15 02:00:00+00:00,1805.29,1822.24,0.0,-441.18266372,34.78946372,32400.0,-0.9389073223692534,"BINANCE-1-481,BINANCE-1-482"
ToTheMoon-Trainset,ETHUSDT,BINANCE,ETHUSDT-PERP.BINANCE,LONG,2023-05-17 18:00:00+00:00,2023-05-18 18:00:00+00:00,1817.43,1784.55,0.0,-813.23116644,34.139566439999996,86400.0,-1.8091480827322148,"BINANCE-1-483,BINANCE-1-484"
ToTheMoon-Trainset,ETHUSDT,BINANCE,ETHUSDT-PERP.BINANCE,SHORT,2023-05-19 16:00:00+00:00,2023-05-23 02:00:00+00:00,1811.4,1841.77,0.0,-749.59453013,34.411400130000004,295200.0,-1.6766037319200455,"BINANCE-1-485,BINANCE-1-486"
ToTheMoon-Trainset,ETHUSDT,BINANCE,ETHUSDT-PERP.BINANCE,LONG,2023-05-23 04:00:00+00:00,2023-05-23 14:00:00+00:00,1856.8,1855.23,0.0,-69.56112405,33.81065405,36000.0,-0.08455407152089256,"BINANCE-1-487,BINANCE-1-488"
ToTheMoon-Trainset,ETHUSDT,BINANCE,ETHUSDT-PERP.BINANCE,LONG,2023-05-26 15:00:00+00:00,2023-06-01 03:00:00+00:00,1829.85,1854.81,0.0,542.24790797,34.02857203,475200.0,1.364046233297822,"BINANCE-1-489,BINANCE-1-490"
ToTheMoon-Trainset,ETHUSDT,BINANCE,ETHUSDT-PERP.BINANCE,LONG,2023-06-01 17:00:00+00:00,2023-06-02 01:00:00+00:00,1870.19,1867.31,0.0,-99.465625,33.988825000000006,28800.0,-0.15399504863142788,"BINANCE-1-491,BINANCE-1-492"
ToTheMoon-Trainset,ETHUSDT,BINANCE,ETHUSDT-PERP.BINANCE,SHORT,2023-06-06 13:00:00+00:00,2023-06-06 15:00:00+00:00,1816.62,1841.38,0.0,-613.0459696,34.206689600000004,7200.0,-1.3629707919102563,"BINANCE-1-493,BINANCE-1-494"
ToTheMoon-Trainset,ETHUSDT,BINANCE,ETHUSDT-PERP.BINANCE,LONG,2023-06-11 21:00:00+00:00,2023-06-11 23:00:00+00:00,1762.97,1751.8,0.0,-300.75283982,33.62228982,7200.0,-0.6335899079394469,"BINANCE-1-495,BINANCE-1-496"
ToTheMoon-Trainset,ETHUSDT,BINANCE,ETHUSDT-PERP.BINANCE,SHORT,2023-06-13 13:00:00+00:00,2023-06-16 16:00:00+00:00,1737.72,1685.26,0.0,1235.17137421,33.10158579,270000.0,3.0188983265428293,"BINANCE-1-497,BINANCE-1-498"
ToTheMoon-Trainset,ETHUSDT,BINANCE,ETHUSDT-PERP.BINANCE,LONG,2023-06-16 18:00:00+00:00,2023-06-19 19:00:00+00:00,1716.67,1723.48,0.0,134.93559808,34.17032192,262800.0,0.3966982588383239,"BINANCE-1-499,BINANCE-1-500"
ToTheMoon-Trainset,ETHUSDT,BINANCE,ETHUSDT-PERP.BINANCE,LONG,2023-06-20 18:00:00+00:00,2023-06-26 15:00:00+00:00,1782.38,1888.45,0.0,2505.73295694,35.17389306,507600.0,5.951031766514436,"BINANCE-1-501,BINANCE-1-502"
ToTheMoon-Trainset,ETHUSDT,BINANCE,ETHUSDT-PERP.BINANCE,SHORT,2023-06-26 17:00:00+00:00,2023-06-27 03:00:00+00:00,1845.83,1871.25,0.0,-640.65166992,35.40146992,36000.0,-1.3771582431751694,"BINANCE-1-503,BINANCE-1-504"
ToTheMoon-Trainset,ETHUSDT,BINANCE,ETHUSDT-PERP.BINANCE,SHORT,2023-06-29 14:00:00+00:00,2023-06-30 04:00:00+00:00,1848.61,1887.38,0.0,-950.28000999,35.26923999,50400.0,-2.097251448385551,"BINANCE-1-505,BINANCE-1-506"
ToTheMoon-Trainset,ETHUSDT,BINANCE,ETHUSDT-PERP.BINANCE,LONG,2023-06-30 06:00:00+00:00,2023-06-30 14:00:00+00:00,1874.23,1844.53,0.0,-718.0922796,34.2497796,28800.0,-1.5846507632467755,"BINANCE-1-507,BINANCE-1-508"
ToTheMoon-Trainset,ETHUSDT,BINANCE,ETHUSDT-PERP.BINANCE,SHORT,2023-07-03 09:00:00+00:00,2023-07-11 15:00:00+00:00,1955.53,1871.16,0.0,1812.85576641,33.497313590000005,712800.0,4.314431381773732,"BINANCE-1-509,BINANCE-1-510"
ToTheMoon-Trainset,ETHUSDT,BINANCE,ETHUSDT-PERP.BINANCE,SHORT,2023-07-17 00:00:00+00:00,2023-07-30 15:00:00+00:00,1920.36,1875.27,0.0,991.56226923,34.55086077,1177200.0,2.347997250515521,"BINANCE-1-511,BINANCE-1-512"
ToTheMoon-Trainset,ETHUSDT,BINANCE,ETHUSDT-PERP.BINANCE,LONG,2023-07-31 01:00:00+00:00,2023-08-01 03:00:00+00:00,1872.16,1825.62,0.0,-1133.63519609,34.91887609,93600.0,-2.4858986411417927,"BINANCE-1-513,BINANCE-1-514"
ToTheMoon-Trainset,ETHUSDT,BINANCE,ETHUSDT-PERP.BINANCE,LONG,2023-08-04 14:00:00+00:00,2023-08-04 19:00:00+00:00,1846.47,1830.52,0.0,-411.63598868,34.75343868,18000.0,-0.8638104058013463,"BINANCE-1-515,BINANCE-1-516"
ToTheMoon-Trainset,ETHUSDT,BINANCE,ETHUSDT-PERP.BINANCE,SHORT,2023-08-08 14:00:00+00:00,2023-08-08 17:00:00+00:00,1837.5,1852.89,0.0,-398.58099859,34.88451859,10800.0,-0.8375510204081671,"BINANCE-1-517,BINANCE-1-518"
ToTheMoon-Trainset,ETHUSDT,BINANCE,ETHUSDT-PERP.BINANCE,SHORT,2023-08-11 16:00:00+00:00,2023-08-15 15:00:00+00:00,1843.29,1839.53,0.0,53.6271484,34.5448516,342000.0,0.20398309544347182,"BINANCE-1-519,BINANCE-1-520"
ToTheMoon-Trainset,ETHUSDT,BINANCE,ETHUSDT-PERP.BINANCE,SHORT,2023-08-15 20:00:00+00:00,2023-08-17 23:00:00+00:00,1828.95,1681.0,0.0,3465.66682698,33.20272302,183600.0,8.089340878646222,"BINANCE-1-521,BINANCE-1-522"
ToTheMoon-Trainset,ETHUSDT,BINANCE,ETHUSDT-PERP.BINANCE,LONG,2023-08-28 13:00:00+00:00,2023-08-31 14:00:00+00:00,1648.43,1704.54,0.0,1494.64087948,36.60102052,262800.0,3.4038448705738134,"BINANCE-1-523,BINANCE-1-524"
ToTheMoon-Trainset,ETHUSDT,BINANCE,ETHUSDT-PERP.BINANCE,SHORT,2023-09-01 17:00:00+00:00,2023-09-03 21:00:00+00:00,1605.5,1636.29,0.0,-913.99010526,36.936955260000005,187200.0,-1.9177826222360528,"BINANCE-1-525,BINANCE-1-526"
ToTheMoon-Trainset,ETHUSDT,BINANCE,ETHUSDT-PERP.BINANCE,LONG,2023-09-06 18:00:00+00:00,2023-09-06 19:00:00+00:00,1627.49,1630.68,0.0,52.48699751,36.255612490000004,3600.0,0.19600734873947978,"BINANCE-1-527,BINANCE-1-528"
ToTheMoon-Trainset,ETHUSDT,BINANCE,ETHUSDT-PERP.BINANCE,LONG,2023-09-14 15:00:00+00:00,2023-09-15 15:00:00+00:00,1634.02,1618.62,0.0,-463.02007654,36.07047654,86400.0,-0.9424609245908933,"BINANCE-1-529,BINANCE-1-530"
ToTheMoon-Trainset,ETHUSDT,BINANCE,ETHUSDT-PERP.BINANCE,LONG,2023-09-18 03:00:00+00:00,2023-09-20 20:00:00+00:00,1629.35,1624.12,0.0,-180.66472347,35.99769347,234000.0,-0.3209868966152163,"BINANCE-1-531,BINANCE-1-532"
ToTheMoon-Trainset,ETHUSDT,BINANCE,ETHUSDT-PERP.BINANCE,SHORT,2023-09-24 19:00:00+00:00,2023-09-27 10:00:00+00:00,1585.23,1616.02,0.0,-909.968367,36.332907,226800.0,-1.9423049021277672,"BINANCE-1-533,BINANCE-1-534"
ToTheMoon-Trainset,ETHUSDT,BINANCE,ETHUSDT-PERP.BINANCE,SHORT,2023-09-30 16:00:00+00:00,2023-10-01 23:00:00+00:00,1680.1,1733.39,0.0,-1448.4226494,36.184359400000005,111600.0,-3.171835009820856,"BINANCE-1-535,BINANCE-1-536"
ToTheMoon-Trainset,ETHUSDT,BINANCE,ETHUSDT-PERP.BINANCE,SHORT,2023-10-04 01:00:00+00:00,2023-10-06 22:00:00+00:00,1638.3,1644.24,0.0,-193.90938276,35.10348276,248400.0,-0.362570957700048,"BINANCE-1-537,BINANCE-1-538"
ToTheMoon-Trainset,ETHUSDT,BINANCE,ETHUSDT-PERP.BINANCE,LONG,2023-10-08 15:00:00+00:00,2023-10-09 09:00:00+00:00,1630.63,1591.58,0.0,-1081.16276896,34.544668959999996,64800.0,-2.3947799316828555,"BINANCE-1-539,BINANCE-1-540"
ToTheMoon-Trainset,ETHUSDT,BINANCE,ETHUSDT-PERP.BINANCE,LONG,2023-10-15 19:00:00+00:00,2023-10-15 23:00:00+00:00,1559.76,1557.25,0.0,-103.96203709,34.50280709,14400.0,-0.16092219315791967,"BINANCE-1-541,BINANCE-1-542"
ToTheMoon-Trainset,ETHUSDT,BINANCE,ETHUSDT-PERP.BINANCE,SHORT,2023-10-16 14:00:00+00:00,2023-10-16 20:00:00+00:00,1586.09,1586.8,0.0,-53.79543924,34.49692924,21600.0,-0.044764168489819234,"BINANCE-1-543,BINANCE-1-544"
ToTheMoon-Trainset,ETHUSDT,BINANCE,ETHUSDT-PERP.BINANCE,LONG,2023-10-20 03:00:00+00:00,2023-10-25 17:00:00+00:00,1586.11,1790.43,0.0,5513.25737759,36.68678241,482400.0,12.881830390073844,"BINANCE-1-545,BINANCE-1-546"
ToTheMoon-Trainset,ETHUSDT,BINANCE,ETHUSDT-PERP.BINANCE,SHORT,2023-10-26 11:00:00+00:00,2023-10-30 09:00:00+00:00,1812.89,1817.4,0.0,-150.75806518,36.71820518,338400.0,-0.2487740568925867,"BINANCE-1-547,BINANCE-1-548"
ToTheMoon-Trainset,ETHUSDT,BINANCE,ETHUSDT-PERP.BINANCE,LONG,2023-10-30 10:00:00+00:00,2023-10-30 18:00:00+00:00,1814.5,1800.21,0.0,-396.89046625,36.46808625,28800.0,-0.7875447781758083,"BINANCE-1-549,BINANCE-1-550"
ToTheMoon-Trainset,ETHUSDT,BINANCE,ETHUSDT-PERP.BINANCE,LONG,2023-11-01 19:00:00+00:00,2023-11-02 17:00:00+00:00,1836.87,1805.09,0.0,-824.50490069,36.138440689999996,79200.0,-1.7301169924926585,"BINANCE-1-551,BINANCE-1-552"
ToTheMoon-Trainset,ETHUSDT,BINANCE,ETHUSDT-PERP.BINANCE,LONG,2023-11-07 16:00:00+00:00,2023-11-08 22:00:00+00:00,1859.02,1891.47,0.0,751.73978936,36.43826064,108000.0,1.7455433507977292,"BINANCE-1-553,BINANCE-1-554"
ToTheMoon-Trainset,ETHUSDT,BINANCE,ETHUSDT-PERP.BINANCE,LONG,2023-11-09 15:00:00+00:00,2023-11-13 00:00:00+00:00,2039.56,2055.42,0.0,317.49210659,36.566533410000005,291600.0,0.7776187020730019,"BINANCE-1-555,BINANCE-1-556"
ToTheMoon-Trainset,ETHUSDT,BINANCE,ETHUSDT-PERP.BINANCE,LONG,2023-11-13 02:00:00+00:00,2023-11-13 06:00:00+00:00,2065.01,2041.64,0.0,-553.4051025,36.3438525,14400.0,-1.1317136478757983,"BINANCE-1-557,BINANCE-1-558"
ToTheMoon-Trainset,ETHUSDT,BINANCE,ETHUSDT-PERP.BINANCE,SHORT,2023-11-13 22:00:00+00:00,2023-11-14 20:00:00+00:00,2060.0,1976.26,0.0,1810.45655932,35.59174068,79200.0,4.06504854368932,"BINANCE-1-559,BINANCE-1-560"
ToTheMoon-Trainset,ETHUSDT,BINANCE,ETHUSDT-PERP.BINANCE,SHORT,2023-11-20 12:00:00+00:00,2023-11-20 16:00:00+00:00,2020.5,2020.89,0.0,-45.99828974,37.05792974,14400.0,-0.019302152932443306,"BINANCE-1-561,BINANCE-1-562"
ToTheMoon-Trainset,ETHUSDT,BINANCE,ETHUSDT-PERP.BINANCE,SHORT,2023-11-22 17:00:00+00:00,2023-11-22 19:00:00+00:00,2034.29,2077.35,0.0,-1017.34385659,37.42743659,7200.0,-2.1167090237871555,"BINANCE-1-563,BINANCE-1-564"
ToTheMoon-Trainset,ETHUSDT,BINANCE,ETHUSDT-PERP.BINANCE,SHORT,2023-11-24 17:00:00+00:00,2023-11-26 21:00:00+00:00,2104.87,2073.9,0.0,637.30079798,36.358642020000005,187200.0,1.4713497745703963,"BINANCE-1-565,BINANCE-1-566"
ToTheMoon-Trainset,ETHUSDT,BINANCE,ETHUSDT-PERP.BINANCE,LONG,2023-11-28 18:00:00+00:00,2023-11-28 23:00:00+00:00,2057.02,2048.2,0.0,-234.48677834,36.80411834,18000.0,-0.4287756074321192,"BINANCE-1-567,BINANCE-1-568"
ToTheMoon-Trainset,ETHUSDT,BINANCE,ETHUSDT-PERP.BINANCE,LONG,2023-12-02 19:00:00+00:00,2023-12-09 09:00:00+00:00,2159.1,2360.05,0.0,4241.53269966,38.50135034,568800.0,9.307118706868621,"BINANCE-1-569,BINANCE-1-570"
ToTheMoon-Trainset,ETHUSDT,BINANCE,ETHUSDT-PERP.BINANCE,LONG,2023-12-13 03:00:00+00:00,2023-12-13 05:00:00+00:00,2167.28,2174.67,0.0,125.48452434,38.55130566,7200.0,0.3409803993946303,"BINANCE-1-571,BINANCE-1-572"
ToTheMoon-Trainset,ETHUSDT,BINANCE,ETHUSDT-PERP.BINANCE,SHORT,2023-12-20 16:00:00+00:00,2023-12-21 13:00:00+00:00,2224.76,2253.5,0.0,-661.06379421,38.785314209999996,75600.0,-1.2918247361513036,"BINANCE-1-573,BINANCE-1-574"
ToTheMoon-Trainset,ETHUSDT,BINANCE,ETHUSDT-PERP.BINANCE,SHORT,2023-12-21 15:00:00+00:00,2023-12-21 18:00:00+00:00,2234.5,2231.96,0.0,16.13063656,38.25076344,10800.0,0.11367196240769095,"BINANCE-1-575,BINANCE-1-576"
ToTheMoon-Trainset,ETHUSDT,BINANCE,ETHUSDT-PERP.BINANCE,LONG,2023-12-22 09:00:00+00:00,2023-12-24 23:00:00+00:00,2318.03,2265.43,0.0,-1123.61391252,37.84471252,223200.0,-2.2691682161145588,"BINANCE-1-577,BINANCE-1-578"
ToTheMoon-Trainset,ETHUSDT,BINANCE,ETHUSDT-PERP.BINANCE,SHORT,2023-12-25 17:00:00+00:00,2023-12-27 15:00:00+00:00,2281.85,2345.01,0.0,-1347.21764791,38.352967910000004,165600.0,-2.7679295308631335,"BINANCE-1-579,BINANCE-1-580"
ToTheMoon-Trainset,ETHUSDT,BINANCE,ETHUSDT-PERP.BINANCE,SHORT,2023-12-29 16:00:00+00:00,2024-01-02 01:00:00+00:00,2300.87,2382.05,0.0,-1682.57413051,37.948510510000006,291600.0,-3.528230625806783,"BINANCE-1-581,BINANCE-1-582"
ToTheMoon-Trainset,ETHUSDT,BINANCE,ETHUSDT-PERP.BINANCE,SHORT,2024-01-02 02:00:00+00:00,2024-01-02 09:00:00+00:00,2385.0,2417.03,0.0,-651.55003309,36.86230309,25200.0,-1.3429769392033553,"BINANCE-1-583,BINANCE-1-584"
ToTheMoon-Trainset,ETHUSDT,BINANCE,ETHUSDT-PERP.BINANCE,SHORT,2024-01-03 12:00:00+00:00,2024-01-08 19:00:00+00:00,2249.55,2355.24,0.0,-2172.35976703,37.21038703,457200.0,-4.698272987930907,"BINANCE-1-585,BINANCE-1-586"
ToTheMoon-Trainset,ETHUSDT,BINANCE,ETHUSDT-PERP.BINANCE,LONG,2024-01-11 00:00:00+00:00,2024-01-12 17:00:00+00:00,2607.06,2604.52,0.0,-78.68811348,35.47001348,147600.0,-0.0974277538683399,"BINANCE-1-587,BINANCE-1-588"
ToTheMoon-Trainset,ETHUSDT,BINANCE,ETHUSDT-PERP.BINANCE,SHORT,2024-01-16 14:00:00+00:00,2024-01-16 16:00:00+00:00,2535.18,2575.37,0.0,-738.33863404,35.737054040000004,7200.0,-1.5852917741540962,"BINANCE-1-589,BINANCE-1-590"
ToTheMoon-Trainset,ETHUSDT,BINANCE,ETHUSDT-PERP.BINANCE,SHORT,2024-01-18 17:00:00+00:00,2024-01-22 09:00:00+00:00,2481.42,2389.26,0.0,1597.83012633,34.50779367,316800.0,3.7140024663297577,"BINANCE-1-591,BINANCE-1-592"
ToTheMoon-Trainset,ETHUSDT,BINANCE,ETHUSDT-PERP.BINANCE,LONG,2024-01-26 12:00:00+00:00,2024-02-01 02:00:00+00:00,2246.62,2259.77,0.0,226.02973704,35.90511296,482400.0,0.5853237307599901,"BINANCE-1-593,BINANCE-1-594"
ToTheMoon-Trainset,ETHUSDT,BINANCE,ETHUSDT-PERP.BINANCE,SHORT,2024-02-04 19:00:00+00:00,2024-02-05 09:00:00+00:00,2278.82,2320.39,0.0,-854.60644891,36.217858910000004,50400.0,-1.8241897122194706,"BINANCE-1-595,BINANCE-1-596"
ToTheMoon-Trainset,ETHUSDT,BINANCE,ETHUSDT-PERP.BINANCE,SHORT,2024-02-05 16:00:00+00:00,2024-02-06 03:00:00+00:00,2300.31,2315.79,0.0,-334.69484148,35.66768148,39600.0,-0.6729527759302023,"BINANCE-1-597,BINANCE-1-598"
ToTheMoon-Trainset,ETHUSDT,BINANCE,ETHUSDT-PERP.BINANCE,LONG,2024-02-07 17:00:00+00:00,2024-02-09 15:00:00+00:00,2409.59,2494.24,0.0,1519.1525341,36.0372659,165600.0,3.513045787872615,"BINANCE-1-599,BINANCE-1-600"
ToTheMoon-Trainset,ETHUSDT,BINANCE,ETHUSDT-PERP.BINANCE,LONG,2024-02-18 23:00:00+00:00,2024-02-28 12:00:00+00:00,2883.58,3315.79,0.0,6710.23788498,38.721265020000004,824400.0,14.988659929670757,"BINANCE-1-601,BINANCE-1-602"
ToTheMoon-Trainset,ETHUSDT,BINANCE,ETHUSDT-PERP.BINANCE,SHORT,2024-02-28 18:00:00+00:00,2024-02-29 01:00:00+00:00,3322.06,3423.62,0.0,-1518.41747341,39.29763341,25200.0,-3.0571392449263435,"BINANCE-1-603,BINANCE-1-604"
ToTheMoon-Trainset,ETHUSDT,BINANCE,ETHUSDT-PERP.BINANCE,LONG,2024-03-03 17:00:00+00:00,2024-03-04 01:00:00+00:00,3463.84,3482.04,0.0,212.03223836,38.19956164,28800.0,0.5254284262552478,"BINANCE-1-605,BINANCE-1-606"
ToTheMoon-Trainset,ETHUSDT,BINANCE,ETHUSDT-PERP.BINANCE,SHORT,2024-03-05 16:00:00+00:00,2024-03-06 09:00:00+00:00,3695.0,3796.87,0.0,-1354.56378392,38.70899392,61200.0,-2.7569688768606104,"BINANCE-1-607,BINANCE-1-608"
ToTheMoon-Trainset,ETHUSDT,BINANCE,ETHUSDT-PERP.BINANCE,SHORT,2024-03-08 16:00:00+00:00,2024-03-08 18:00:00+00:00,3908.63,3931.75,0.0,-316.07155778,37.75299778,7200.0,-0.5915116038100354,"BINANCE-1-609,BINANCE-1-610"
ToTheMoon-Trainset,ETHUSDT,BINANCE,ETHUSDT-PERP.BINANCE,LONG,2024-03-12 13:00:00+00:00,2024-03-12 16:00:00+00:00,4028.94,3925.46,0.0,-1241.43622464,37.03250464,10800.0,-2.568417499391895,"BINANCE-1-611,BINANCE-1-612"
ToTheMoon-Trainset,ETHUSDT,BINANCE,ETHUSDT-PERP.BINANCE,SHORT,2024-03-15 03:00:00+00:00,2024-03-15 20:00:00+00:00,3724.84,3632.19,0.0,1114.43239652,36.55855348,61200.0,2.4873551615639866,"BINANCE-1-613,BINANCE-1-614"
ToTheMoon-Trainset,ETHUSDT,BINANCE,ETHUSDT-PERP.BINANCE,SHORT,2024-03-20 16:00:00+00:00,2024-03-20 18:00:00+00:00,3243.41,3400.66,0.0,-2308.9062407,38.373490700000005,7200.0,-4.848292383633268,"BINANCE-1-615,BINANCE-1-616"
ToTheMoon-Trainset,ETHUSDT,BINANCE,ETHUSDT-PERP.BINANCE,LONG,2024-03-25 15:00:00+00:00,2024-03-27 14:00:00+00:00,3584.48,3562.1,0.0,-321.61588758,36.42754758,169200.0,-0.6243583448645285,"BINANCE-1-617,BINANCE-1-618"
ToTheMoon-Trainset,ETHUSDT,BINANCE,ETHUSDT-PERP.BINANCE,SHORT,2024-04-02 03:00:00+00:00,2024-04-02 14:00:00+00:00,3367.81,3294.81,0.0,950.57687628,36.01812372,39600.0,2.167580712688666,"BINANCE-1-619,BINANCE-1-620"
ToTheMoon-Trainset,ETHUSDT,BINANCE,ETHUSDT-PERP.BINANCE,SHORT,2024-04-04 19:00:00+00:00,2024-04-07 23:00:00+00:00,3367.84,3455.99,0.0,-1241.050889,37.274489,273600.0,-2.6174046272982032,"BINANCE-1-621,BINANCE-1-622"
ToTheMoon-Trainset,ETHUSDT,BINANCE,ETHUSDT-PERP.BINANCE,LONG,2024-04-08 00:00:00+00:00,2024-04-08 04:00:00+00:00,3431.02,3421.31,0.0,-164.65112477,36.246084769999996,14400.0,-0.28300621972474627,"BINANCE-1-623,BINANCE-1-624"
ToTheMoon-Trainset,ETHUSDT,BINANCE,ETHUSDT-PERP.BINANCE,SHORT,2024-04-08 14:00:00+00:00,2024-04-08 18:00:00+00:00,3648.4,3694.32,0.0,-606.46303334,36.45807334,14400.0,-1.2586339217191211,"BINANCE-1-625,BINANCE-1-626"
ToTheMoon-Trainset,ETHUSDT,BINANCE,ETHUSDT-PERP.BINANCE,SHORT,2024-04-10 13:00:00+00:00,2024-04-10 15:00:00+00:00,3464.0,3481.08,0.0,-257.87640355,36.07552355,7200.0,-0.4930715935334895,"BINANCE-1-627,BINANCE-1-628"
ToTheMoon-Trainset,ETHUSDT,BINANCE,ETHUSDT-PERP.BINANCE,SHORT,2024-04-18 13:00:00+00:00,2024-04-18 15:00:00+00:00,3047.72,3066.99,0.0,-319.61438071,35.998520709999994,7200.0,-0.6322759308597936,"BINANCE-1-629,BINANCE-1-630"
ToTheMoon-Trainset,ETHUSDT,BINANCE,ETHUSDT-PERP.BINANCE,SHORT,2024-04-27 01:00:00+00:00,2024-04-27 14:00:00+00:00,3092.7,3149.0,0.0,-849.72961936,36.082019360000004,46800.0,-1.8204158178937613,"BINANCE-1-631,BINANCE-1-632"
ToTheMoon-Trainset,ETHUSDT,BINANCE,ETHUSDT-PERP.BINANCE,LONG,2024-05-01 20:00:00+00:00,2024-05-06 11:00:00+00:00,2939.39,3147.89,0.0,3103.54629036,36.67220964,399600.0,7.093308475568061,"BINANCE-1-633,BINANCE-1-634"
ToTheMoon-Trainset,ETHUSDT,BINANCE,ETHUSDT-PERP.BINANCE,SHORT,2024-05-08 21:00:00+00:00,2024-05-09 01:00:00+00:00,2970.78,2996.35,0.0,-431.2344421,36.8171921,14400.0,-0.8607167141289285,"BINANCE-1-635,BINANCE-1-636"
ToTheMoon-Trainset,ETHUSDT,BINANCE,ETHUSDT-PERP.BINANCE,SHORT,2024-05-09 14:00:00+00:00,2024-05-09 16:00:00+00:00,2985.95,2993.3,0.0,-148.7947258,36.5308258,7200.0,-0.24615281568680647,"BINANCE-1-637,BINANCE-1-638"
ToTheMoon-Trainset,ETHUSDT,BINANCE,ETHUSDT-PERP.BINANCE,LONG,2024-05-13 09:00:00+00:00,2024-05-13 19:00:00+00:00,2984.67,2955.69,0.0,-478.36933287,36.250452870000004,36000.0,-0.9709616138467547,"BINANCE-1-639,BINANCE-1-640"
ToTheMoon-Trainset,ETHUSDT,BINANCE,ETHUSDT-PERP.BINANCE,SHORT,2024-05-17 16:00:00+00:00,2024-05-20 18:00:00+00:00,3094.68,3147.04,0.0,-802.88248557,36.541525570000005,266400.0,-1.6919358382773142,"BINANCE-1-641,BINANCE-1-642"
ToTheMoon-Trainset,ETHUSDT,BINANCE,ETHUSDT-PERP.BINANCE,LONG,2024-05-20 20:00:00+00:00,2024-05-23 13:00:00+00:00,3500.83,3784.32,0.0,3597.82527862,37.36699138,234000.0,8.097793951720034,"BINANCE-1-643,BINANCE-1-644"
ToTheMoon-Trainset,ETHUSDT,BINANCE,ETHUSDT-PERP.BINANCE,SHORT,2024-05-26 16:00:00+00:00,2024-05-26 17:00:00+00:00,3866.01,3846.29,0.0,200.90186116,37.25657884,3600.0,0.5100866267805926,"BINANCE-1-645,BINANCE-1-646"
ToTheMoon-Trainset,ETHUSDT,BINANCE,ETHUSDT-PERP.BINANCE,SHORT,2024-05-31 14:00:00+00:00,2024-06-02 01:00:00+00:00,3775.67,3826.11,0.0,-662.78646381,37.68354381,126000.0,-1.3359218363893088,"BINANCE-1-647,BINANCE-1-648"
ToTheMoon-Trainset,ETHUSDT,BINANCE,ETHUSDT-PERP.BINANCE,SHORT,2024-06-03 14:00:00+00:00,2024-06-05 20:00:00+00:00,3771.12,3865.91,0.0,-1205.44808384,37.63528384,194400.0,-2.51357686841045,"BINANCE-1-649,BINANCE-1-650"
ToTheMoon-Trainset,ETHUSDT,BINANCE,ETHUSDT-PERP.BINANCE,SHORT,2024-06-07 13:00:00+00:00,2024-06-14 22:00:00+00:00,3817.28,3483.84,0.0,3970.53137817,35.08334183,637200.0,8.735015508424848,"BINANCE-1-651,BINANCE-1-652"
ToTheMoon-Trainset,ETHUSDT,BINANCE,ETHUSDT-PERP.BINANCE,SHORT,2024-06-18 02:00:00+00:00,2024-06-18 05:00:00+00:00,3427.53,3443.44,0.0,-260.45243809,38.36474809,10800.0,-0.464182662150292,"BINANCE-1-653,BINANCE-1-654"
ToTheMoon-Trainset,ETHUSDT,BINANCE,ETHUSDT-PERP.BINANCE,LONG,2024-06-26 20:00:00+00:00,2024-06-27 01:00:00+00:00,3390.93,3378.92,0.0,-207.09613374,38.10342374,18000.0,-0.35418012167752755,"BINANCE-1-655,BINANCE-1-656"
ToTheMoon-Trainset,ETHUSDT,BINANCE,ETHUSDT-PERP.BINANCE,LONG,2024-06-30 08:00:00+00:00,2024-07-01 03:00:00+00:00,3393.49,3497.27,0.0,1417.36245488,38.67094512,68400.0,3.0582085110019586,"BINANCE-1-657,BINANCE-1-658"
ToTheMoon-Trainset,ETHUSDT,BINANCE,ETHUSDT-PERP.BINANCE,SHORT,2024-07-04 02:00:00+00:00,2024-07-08 03:00:00+00:00,3227.43,2877.9,0.0,5196.25247183,36.56115817,349200.0,10.829979271432677,"BINANCE-1-659,BINANCE-1-660"
ToTheMoon-Trainset,ETHUSDT,BINANCE,ETHUSDT-PERP.BINANCE,SHORT,2024-07-08 15:00:00+00:00,2024-07-08 16:00:00+00:00,2968.22,2970.44,0.0,-78.83058945,40.74870945,3600.0,-0.07479229976214974,"BINANCE-1-661,BINANCE-1-662"
ToTheMoon-Trainset,ETHUSDT,BINANCE,ETHUSDT-PERP.BINANCE,SHORT,2024-07-11 15:00:00+00:00,2024-07-13 23:00:00+00:00,3116.66,3174.01,0.0,-977.25695884,41.07555884,201600.0,-1.8401108879377404,"BINANCE-1-663,BINANCE-1-664"
ToTheMoon-Trainset,ETHUSDT,BINANCE,ETHUSDT-PERP.BINANCE,SHORT,2024-07-14 00:00:00+00:00,2024-07-14 09:00:00+00:00,3185.69,3211.52,0.0,-449.02697823,40.47386823,32400.0,-0.8108133559762587,"BINANCE-1-665,BINANCE-1-666"
ToTheMoon-Trainset,ETHUSDT,BINANCE,ETHUSDT-PERP.BINANCE,LONG,2024-07-14 22:00:00+00:00,2024-07-18 15:00:00+00:00,3244.64,3387.26,0.0,2163.8935304,41.0116696,320400.0,4.395556980127235,"BINANCE-1-667,BINANCE-1-668"
ToTheMoon-Trainset,ETHUSDT,BINANCE,ETHUSDT-PERP.BINANCE,LONG,2024-07-20 18:00:00+00:00,2024-07-21 08:00:00+00:00,3529.3,3486.53,0.0,-661.76834064,40.747940639999996,50400.0,-1.2118550420763263,"BINANCE-1-669,BINANCE-1-670"
ToTheMoon-Trainset,ETHUSDT,BINANCE,ETHUSDT-PERP.BINANCE,LONG,2024-07-21 17:00:00+00:00,2024-07-21 18:00:00+00:00,3467.18,3462.2,0.0,-113.83447812,40.70317812,3600.0,-0.14363257748372105,"BINANCE-1-671,BINANCE-1-672"
ToTheMoon-Trainset,ETHUSDT,BINANCE,ETHUSDT-PERP.BINANCE,SHORT,2024-07-27 16:00:00+00:00,2024-07-29 03:00:00+00:00,3270.86,3348.01,0.0,-1240.77207386,41.166723860000005,126000.0,-2.3587068844279413,"BINANCE-1-673,BINANCE-1-674"
ToTheMoon-Trainset,ETHUSDT,BINANCE,ETHUSDT-PERP.BINANCE,SHORT,2024-07-30 15:00:00+00:00,2024-07-31 14:00:00+00:00,3319.26,3319.88,0.0,-49.57705356,40.19335356,82800.0,-0.018678862156029652,"BINANCE-1-675,BINANCE-1-676"
ToTheMoon-Trainset,ETHUSDT,BINANCE,ETHUSDT-PERP.BINANCE,SHORT,2024-08-01 16:00:00+00:00,2024-08-01 21:00:00+00:00,3106.29,3175.0,0.0,-1151.31197114,40.614821140000004,18000.0,-2.21196346767365,"BINANCE-1-677,BINANCE-1-678"
ToTheMoon-Trainset,ETHUSDT,BINANCE,ETHUSDT-PERP.BINANCE,SHORT,2024-08-02 14:00:00+00:00,2024-08-24 17:00:00+00:00,3036.44,2781.79,0.0,4124.71930768,38.044242319999995,1911600.0,8.386465729604408,"BINANCE-1-679,BINANCE-1-680"
ToTheMoon-Trainset,ETHUSDT,BINANCE,ETHUSDT-PERP.BINANCE,SHORT,2024-08-26 00:00:00+00:00,2024-08-26 10:00:00+00:00,2752.15,2735.55,0.0,270.5964222,41.2345778,36000.0,0.6031647984303112,"BINANCE-1-681,BINANCE-1-682"
ToTheMoon-Trainset,ETHUSDT,BINANCE,ETHUSDT-PERP.BINANCE,SHORT,2024-08-27 11:00:00+00:00,2024-09-01 16:00:00+00:00,2625.59,2470.91,0.0,3013.4465188,40.2460412,450000.0,5.891247300606728,"BINANCE-1-683,BINANCE-1-684"
ToTheMoon-Trainset,ETHUSDT,BINANCE,ETHUSDT-PERP.BINANCE,SHORT,2024-09-01 23:00:00+00:00,2024-09-02 01:00:00+00:00,2424.55,2439.24,0.0,-365.99798752,42.80329752,7200.0,-0.6058856282608938,"BINANCE-1-685,BINANCE-1-686"
ToTheMoon-Trainset,ETHUSDT,BINANCE,ETHUSDT-PERP.BINANCE,LONG,2024-09-02 10:00:00+00:00,2024-09-03 14:00:00+00:00,2523.91,2445.44,0.0,-1694.60091988,41.865779880000005,100800.0,-3.1090649032651685,"BINANCE-1-687,BINANCE-1-688"
ToTheMoon-Trainset,ETHUSDT,BINANCE,ETHUSDT-PERP.BINANCE,SHORT,2024-09-06 14:00:00+00:00,2024-09-08 18:00:00+00:00,2326.56,2274.65,0.0,1125.76299774,41.38144226,187200.0,2.2311911147788965,"BINANCE-1-689,BINANCE-1-690"
ToTheMoon-Trainset,ETHUSDT,BINANCE,ETHUSDT-PERP.BINANCE,LONG,2024-09-08 23:00:00+00:00,2024-09-11 02:00:00+00:00,2295.89,2352.59,0.0,1262.97920224,42.821797759999995,183600.0,2.4696305136570285,"BINANCE-1-691,BINANCE-1-692"
ToTheMoon-Trainset,ETHUSDT,BINANCE,ETHUSDT-PERP.BINANCE,LONG,2024-09-13 16:00:00+00:00,2024-09-14 19:00:00+00:00,2405.95,2407.57,0.0,-6.79196851,42.81914851,97200.0,0.06733307009707534,"BINANCE-1-693,BINANCE-1-694"
ToTheMoon-Trainset,ETHUSDT,BINANCE,ETHUSDT-PERP.BINANCE,LONG,2024-09-20 05:00:00+00:00,2024-09-30 01:00:00+00:00,2542.99,2614.0,0.0,1450.58022496,43.39916504,849600.0,2.7923821957617,"BINANCE-1-695,BINANCE-1-696"
ToTheMoon-Trainset,ETHUSDT,BINANCE,ETHUSDT-PERP.BINANCE,SHORT,2024-10-02 15:00:00+00:00,2024-10-02 17:00:00+00:00,2459.43,2445.8,0.0,257.26570349,43.26216651,7200.0,0.5541934513281443,"BINANCE-1-697,BINANCE-1-698"
ToTheMoon-Trainset,ETHUSDT,BINANCE,ETHUSDT-PERP.BINANCE,LONG,2024-10-07 03:00:00+00:00,2024-10-07 10:00:00+00:00,2494.37,2448.09,0.0,-1051.56793835,43.08045835,25200.0,-1.855378311958522,"BINANCE-1-699,BINANCE-1-700"
ToTheMoon-Trainset,ETHUSDT,BINANCE,ETHUSDT-PERP.BINANCE,SHORT,2024-10-08 15:00:00+00:00,2024-10-08 22:00:00+00:00,2418.39,2440.6,0.0,-537.63489336,43.26250336,25200.0,-0.918379583111073,"BINANCE-1-701,BINANCE-1-702"
ToTheMoon-Trainset,ETHUSDT,BINANCE,ETHUSDT-PERP.BINANCE,SHORT,2024-10-10 14:00:00+00:00,2024-10-10 17:00:00+00:00,2380.86,2372.2,0.0,152.05218367,42.77183633,10800.0,0.3637341128835958,"BINANCE-1-703,BINANCE-1-704"
ToTheMoon-Trainset,ETHUSDT,BINANCE,ETHUSDT-PERP.BINANCE,SHORT,2024-10-10 18:00:00+00:00,2024-10-11 02:00:00+00:00,2356.88,2398.96,0.0,-1000.95000269,43.29336269,28800.0,-1.7854112216150186,"BINANCE-1-705,BINANCE-1-706"
ToTheMoon-Trainset,ETHUSDT,BINANCE,ETHUSDT-PERP.BINANCE,LONG,2024-10-13 18:00:00+00:00,2024-10-18 17:00:00+00:00,2443.42,2646.0,0.0,4361.2354133,44.2718467,428400.0,8.290838251303501,"BINANCE-1-707,BINANCE-1-708"
ToTheMoon-Trainset,ETHUSDT,BINANCE,ETHUSDT-PERP.BINANCE,SHORT,2024-10-22 10:00:00+00:00,2024-10-25 09:00:00+00:00,2632.46,2539.12,0.0,1917.97652715,43.47023285,255600.0,3.545732888628894,"BINANCE-1-709,BINANCE-1-710"
ToTheMoon-Trainset,ETHUSDT,BINANCE,ETHUSDT-PERP.BINANCE,SHORT,2024-10-25 16:00:00+00:00,2024-10-28 08:00:00+00:00,2531.19,2512.29,0.0,375.35102366,44.85267634,230400.0,0.7466843658516353,"BINANCE-1-711,BINANCE-1-712"
ToTheMoon-Trainset,ETHUSDT,BINANCE,ETHUSDT-PERP.BINANCE,LONG,2024-10-28 10:00:00+00:00,2024-10-28 14:00:00+00:00,2530.73,2524.99,0.0,-173.18440757,45.119267570000005,14400.0,-0.2268120265694229,"BINANCE-1-713,BINANCE-1-714"
ToTheMoon-Trainset,ETHUSDT,BINANCE,ETHUSDT-PERP.BINANCE,SHORT,2024-10-30 16:00:00+00:00,2024-11-03 16:00:00+00:00,2688.47,2442.36,0.0,5117.88929796,43.03740204,345600.0,9.15427733989963,"BINANCE-1-715,BINANCE-1-716"
ToTheMoon-Trainset,ETHUSDT,BINANCE,ETHUSDT-PERP.BINANCE,SHORT,2024-11-05 16:00:00+00:00,2024-11-05 18:00:00+00:00,2461.43,2451.65,0.0,187.11680499,47.05551501,7200.0,0.3973300073534358,"BINANCE-1-717,BINANCE-1-718"
ToTheMoon-Trainset,ETHUSDT,BINANCE,ETHUSDT-PERP.BINANCE,LONG,2024-11-06 04:00:00+00:00,2024-11-13 20:00:00+00:00,2583.6,3170.06,0.0,13346.85423053,52.583849470000004,662400.0,22.69933426226971,"BINANCE-1-719,BINANCE-1-720"
ToTheMoon-Trainset,ETHUSDT,BINANCE,ETHUSDT-PERP.BINANCE,SHORT,2024-11-18 12:00:00+00:00,2024-11-18 15:00:00+00:00,3088.47,3146.14,0.0,-1279.92561725,53.05403725,10800.0,-1.8672676114710463,"BINANCE-1-721,BINANCE-1-722"
ToTheMoon-Trainset,ETHUSDT,BINANCE,ETHUSDT-PERP.BINANCE,LONG,2024-11-18 17:00:00+00:00,2024-11-18 20:00:00+00:00,3178.38,3157.36,0.0,-482.17999341,51.87957341,10800.0,-0.6613431999949682,"BINANCE-1-723,BINANCE-1-724"
ToTheMoon-Trainset,ETHUSDT,BINANCE,ETHUSDT-PERP.BINANCE,LONG,2024-11-20 16:00:00+00:00,2024-11-20 17:00:00+00:00,3090.81,3065.54,0.0,-581.63456142,51.646851420000004,3600.0,-0.8175850343437485,"BINANCE-1-725,BINANCE-1-726"
ToTheMoon-Trainset,ETHUSDT,BINANCE,ETHUSDT-PERP.BINANCE,LONG,2024-11-21 05:00:00+00:00,2024-11-21 16:00:00+00:00,3109.59,3333.96,0.0,4602.63962016,53.48661984,39600.0,7.215420682469387,"BINANCE-1-727,BINANCE-1-728"
ToTheMoon-Trainset,ETHUSDT,BINANCE,ETHUSDT-PERP.BINANCE,SHORT,2024-11-23 17:00:00+00:00,2024-11-25 10:00:00+00:00,3427.82,3504.57,0.0,-1550.45907314,54.06432314,147600.0,-2.239032387931683,"BINANCE-1-729,BINANCE-1-730"
ToTheMoon-Trainset,ETHUSDT,BINANCE,ETHUSDT-PERP.BINANCE,SHORT,2024-11-25 14:00:00+00:00,2024-11-25 15:00:00+00:00,3410.61,3521.26,0.0,-2196.77178326,53.70258326,3600.0,-3.244287678743696,"BINANCE-1-731,BINANCE-1-732"
ToTheMoon-Trainset,ETHUSDT,BINANCE,ETHUSDT-PERP.BINANCE,SHORT,2024-11-30 11:00:00+00:00,2024-11-30 20:00:00+00:00,3656.05,3714.32,0.0,-1087.72405366,52.38269366,32400.0,-1.5937965837447443,"BINANCE-1-733,BINANCE-1-734"
ToTheMoon-Trainset,ETHUSDT,BINANCE,ETHUSDT-PERP.BINANCE,SHORT,2024-12-02 04:00:00+00:00,2024-12-04 11:00:00+00:00,3693.71,3731.0,0.0,-702.09211708,51.79180708,198000.0,-1.009554079773456,"BINANCE-1-735,BINANCE-1-736"
ToTheMoon-Trainset,ETHUSDT,BINANCE,ETHUSDT-PERP.BINANCE,SHORT,2024-12-04 17:00:00+00:00,2024-12-04 18:00:00+00:00,3813.64,3825.47,0.0,-250.06393355,51.331763550000005,3600.0,-0.31020232638634404,"BINANCE-1-737,BINANCE-1-738"
ToTheMoon-Trainset,ETHUSDT,BINANCE,ETHUSDT-PERP.BINANCE,SHORT,2024-12-09 01:00:00+00:00,2024-12-09 23:00:00+00:00,3947.25,3712.55,0.0,3752.04122384,49.62937616,79200.0,5.945911710684648,"BINANCE-1-739,BINANCE-1-740"
ToTheMoon-Trainset,ETHUSDT,BINANCE,ETHUSDT-PERP.BINANCE,SHORT,2024-12-13 16:00:00+00:00,2024-12-13 18:00:00+00:00,3911.25,3912.1,0.0,-66.96035418,52.65740418,7200.0,-0.021732182806011302,"BINANCE-1-741,BINANCE-1-742"
ToTheMoon-Trainset,ETHUSDT,BINANCE,ETHUSDT-PERP.BINANCE,LONG,2024-12-16 01:00:00+00:00,2024-12-16 04:00:00+00:00,4008.79,3953.86,0.0,-953.61001954,52.26364954,10800.0,-1.3702389000172066,"BINANCE-1-743,BINANCE-1-744"
ToTheMoon-Trainset,ETHUSDT,BINANCE,ETHUSDT-PERP.BINANCE,LONG,2024-12-16 18:00:00+00:00,2024-12-17 00:00:00+00:00,4087.25,3957.18,0.0,-2129.67202102,51.41356102,21600.0,-3.182335311028206,"BINANCE-1-745,BINANCE-1-746"
ToTheMoon-Trainset,ETHUSDT,BINANCE,ETHUSDT-PERP.BINANCE,SHORT,2024-12-18 20:00:00+00:00,2024-12-20 13:00:00+00:00,3693.99,3296.12,0.0,6870.33609484,48.62320516,147600.0,10.7707384156427,"BINANCE-1-747,BINANCE-1-748"
ToTheMoon-Trainset,ETHUSDT,BINANCE,ETHUSDT-PERP.BINANCE,SHORT,2024-12-27 08:00:00+00:00,2024-12-27 09:00:00+00:00,3357.49,3421.29,0.0,-1340.67254738,54.65594738,3600.0,-1.900229040146062,"BINANCE-1-749,BINANCE-1-750"
ToTheMoon-Trainset,ETHUSDT,BINANCE,ETHUSDT-PERP.BINANCE,LONG,2024-12-30 01:00:00+00:00,2024-12-30 14:00:00+00:00,3419.9,3314.68,0.0,-2114.35571038,52.78025038,46800.0,-3.0766981490686907,"BINANCE-1-751,BINANCE-1-752"
